"","pvus=0.1","pvus=0.2","pvus=0.3"
"1",0.0774999999999997,0.166875,0.14203125
"2",0.0284374999999997,0.0489062499999997,0.0812499999999997
"3",0.13984375,0.1090625,0.109375
"4",0.1075,0.111875,0.11515625
"5",0.1078125,0.0840624999999997,0.0996874999999998
"6",0.0973437499999998,0.1065625,0.0931249999999997
"7",0.10375,0.0687499999999997,0.0460937499999997
"8",0.1034375,0.1046875,0.12671875
"9",0.1159375,0.0887499999999997,0.0721874999999997
"10",0.0956249999999998,0.0810937499999997,0.0960937499999998
"11",0.105,0.0803124999999997,0.1259375
"12",0.1484375,0.0990624999999997,0.11
"13",0.0576562499999997,0.126875,0.14125
"14",0.0959374999999998,0.104375,0.0774999999999997
"15",0.0624999999999997,0.0603124999999997,0.0593749999999997
"16",0.0787499999999997,0.13125,0.0834374999999997
"17",0.0981249999999998,0.0937499999999998,0.11
"18",0.0779687499999997,0.0832812499999998,0.0859374999999998
"19",0.1215625,0.1121875,0.105625
"20",0.0812499999999997,0.0837499999999997,0.12
"21",0.1421875,0.0942187499999997,0.12375
"22",0.10375,0.0993749999999998,0.0984374999999998
"23",0.0912499999999997,0.0618749999999997,0.0928124999999997
"24",0.10296875,0.0734374999999997,0.1096875
"25",0.11125,0.0660937499999997,0.10515625
"26",0.0934374999999998,0.1134375,0.115625
"27",0.10828125,0.1253125,0.0999999999999998
"28",0.0981249999999998,0.11828125,0.10703125
"29",0.0874999999999997,0.14,0.1025
"30",0.1015625,0.0937499999999998,0.1078125
"31",0.143125,0.0973437499999998,0.0787499999999997
"32",0.1125,0.0823437499999997,0.0671874999999997
"33",0.1253125,0.0824999999999997,0.1053125
"34",0.0778124999999997,0.0793749999999997,0.0632812499999997
"35",0.0912499999999997,0.1215625,0.1003125
"36",0.10140625,0.126875,0.14625
"37",0.0879687499999997,0.0593749999999997,0.0685937499999997
"38",0.0490624999999997,0.1015625,0.0990624999999997
"39",0.0884374999999998,0.0865624999999997,0.1078125
"40",0.0646874999999997,0.0801562499999997,0.1159375
"41",0.0907812499999998,0.0757812499999997,0.1065625
"42",0.0501562499999997,0.0843749999999997,0.1103125
"43",0.0578124999999997,0.12359375,0.0898437499999998
"44",0.0746874999999997,0.125625,0.0937499999999998
"45",0.128125,0.0893749999999997,0.1121875
"46",0.00609374999999967,0.0865624999999997,0.0728124999999997
"47",0.11375,0.1021875,0.1084375
"48",0.124375,0.0956249999999998,0.12765625
"49",0.0853124999999997,0.0399999999999997,0.0996874999999998
"50",0.1646875,0.0931249999999997,0.1125
"51",0.0190624999999997,0.0703124999999997,0.0962499999999998
"52",0.16625,0.1021875,0.1009375
"53",0.0554687499999997,0.0974999999999998,0.0995312499999998
"54",0.11625,0.0843749999999997,0.0674999999999997
"55",0.148125,0.1003125,0.1046875
"56",0.1378125,0.0971874999999998,0.12625
"57",0.0612499999999997,0.13421875,0.10375
"58",0.11578125,0.0981249999999998,0.10859375
"59",0.101875,0.0792187499999997,0.10296875
"60",0.0771874999999997,0.0871874999999998,0.0856249999999997
"61",0.1115625,0.0553124999999997,0.0999999999999998
"62",0.0595312499999997,0.0601562499999997,0.100625
"63",0.0903124999999997,0.1125,0.0846874999999997
"64",0.0635937499999997,0.0593749999999997,0.1084375
"65",0.0532812499999997,0.0549999999999997,0.105625
"66",0.0912499999999997,0.11296875,0.1296875
"67",0.0840624999999997,0.1078125,0.105
"68",0.14484375,0.129375,0.0945312499999998
"69",0.11359375,0.12546875,0.114375
"70",0.0821874999999997,0.0865624999999997,0.0781249999999997
"71",0.13,0.0714062499999997,0.143125
"72",0.0987499999999998,0.1646875,0.1178125
"73",0.12875,0.0993749999999998,0.0968749999999998
"74",0.11,0.0981249999999998,0.1009375
"75",0.0914062499999997,0.118125,0.0771874999999997
"76",0.1225,0.0462499999999997,0.1103125
"77",0.1075,0.10078125,0.1534375
"78",0.0571874999999997,0.0631249999999997,0.1284375
"79",0.12640625,0.0743749999999997,0.100625
"80",0.0962499999999998,0.12828125,0.125
"81",0.165,0.11609375,0.100625
"82",0.11375,0.0760937499999997,0.1046875
"83",0.100625,0.0589062499999997,0.0815624999999997
"84",0.1103125,0.0806249999999997,0.118125
"85",0.0990624999999997,0.12359375,0.0937499999999998
"86",0.0365624999999997,0.0823437499999997,0.0799999999999997
"87",0.0999999999999998,0.0757812499999997,0.0812499999999997
"88",0.125625,0.0990624999999997,0.10875
"89",0.0509374999999997,0.1459375,0.0812499999999997
"90",0.106875,0.0684374999999997,0.13828125
"91",0.1340625,0.16953125,0.0756249999999997
"92",0.1059375,0.0681249999999997,0.1225
"93",0.10375,0.10546875,0.0809374999999997
"94",0.0870312499999998,0.10625,0.0831249999999997
"95",0.0699999999999997,0.0809374999999997,0.0818749999999997
"96",0.0806249999999997,0.0681249999999997,0.0757812499999997
"97",0.155625,0.0921874999999998,0.0753124999999997
"98",0.1003125,0.1075,0.10296875
"99",0.12125,0.131875,0.0887499999999997
"100",0.135,0.0874999999999997,0.100625
"101",0.101875,0.0946874999999998,0.1215625
"102",0.0815624999999997,0.1196875,0.0912499999999997
"103",0.0907812499999998,0.0417187499999997,0.101875
"104",0.0543749999999997,0.0753124999999997,0.0687499999999997
"105",0.0471874999999997,0.0943749999999998,0.0623437499999997
"106",0.0445312499999997,0.1275,0.0949999999999998
"107",0.10390625,0.0671874999999997,0.0732812499999997
"108",0.0990624999999997,0.0656249999999997,0.0724999999999997
"109",0.0593749999999997,0.0748437499999997,0.12140625
"110",0.0323437499999997,0.0887499999999997,0.0971874999999998
"111",0.133125,0.11171875,0.0885937499999997
"112",0.0553124999999997,0.0962499999999998,0.0707812499999997
"113",0.1328125,0.0626562499999997,0.1175
"114",0.0681249999999997,0.1375,0.124375
"115",0.0884374999999998,0.0899999999999997,0.0878124999999997
"116",0.0918749999999997,0.0671874999999997,0.0909374999999998
"117",0.10625,0.0792187499999997,0.0884374999999998
"118",0.0812499999999997,0.0876562499999997,0.1165625
"119",0.0568749999999997,0.0534374999999997,0.1015625
"120",0.110625,0.1046875,0.0803124999999997
"121",0.1340625,0.0943749999999998,0.13671875
"122",0.1325,0.131875,0.0799999999999997
"123",0.0628124999999997,0.13625,0.0987499999999998
"124",0.0942187499999997,0.0362499999999997,0.1275
"125",0.0871874999999998,0.1003125,0.130625
"126",0.0799999999999997,0.0839062499999997,0.0793749999999997
"127",0.133125,0.0849999999999997,0.1171875
"128",0.1153125,0.0512499999999997,0.113125
"129",0.0943749999999998,0.14109375,0.1159375
"130",0.0989062499999998,0.113125,0.1284375
"131",0.104375,0.1190625,0.1209375
"132",0.0974999999999998,0.0896874999999998,0.105
"133",0.0307812499999997,0.144375,0.12
"134",0.104375,0.11125,0.0962499999999998
"135",0.12625,0.0856249999999997,0.128125
"136",0.0512499999999997,0.0974999999999998,0.0835937499999997
"137",0.0906249999999997,0.1403125,0.1121875
"138",0.10625,0.10234375,0.0598437499999997
"139",0.1540625,0.0518749999999997,0.10953125
"140",0.0812499999999997,0.10875,0.0960937499999998
"141",0.0699999999999997,0.0349999999999997,0.0845312499999998
"142",0.0968749999999998,0.0512499999999997,0.0823437499999997
"143",0.0462499999999997,0.0610937499999997,0.0978124999999997
"144",0.0412499999999997,0.103125,0.118125
"145",0.0943749999999998,0.0801562499999997,0.0721874999999997
"146",0.0706249999999997,0.11375,0.1078125
"147",0.11078125,0.0792187499999997,0.0924999999999997
"148",0.10890625,0.1396875,0.0871874999999998
"149",0.12515625,0.15,0.10078125
"150",0.1221875,0.0937499999999998,0.0815624999999997
"151",0.13578125,0.11515625,0.0771874999999997
"152",0.1078125,0.1403125,0.135
"153",0.1215625,0.0590624999999997,0.0931249999999997
"154",0.0709374999999997,0.1140625,0.1365625
"155",0.0862499999999997,0.0779687499999997,0.12140625
"156",0.0862499999999997,0.1125,0.0678124999999997
"157",0.14484375,0.138125,0.0987499999999998
"158",0.0893749999999997,0.123125,0.0774999999999997
"159",0.13875,0.1034375,0.0846874999999997
"160",0.1015625,0.1090625,0.0831249999999997
"161",0.0949999999999998,0.151875,0.11984375
"162",0.0514062499999997,0.0948437499999998,0.0820312499999998
"163",0.111875,0.0612499999999997,0.123125
"164",0.0899999999999997,0.0612499999999997,0.0923437499999998
"165",0.0753124999999997,0.113125,0.1140625
"166",0.0623437499999997,0.1165625,0.1065625
"167",0.1365625,0.0971874999999998,0.11375
"168",0.103125,0.0918749999999997,0.0992187499999997
"169",0.1015625,0.1175,0.0867187499999997
"170",0.13296875,0.0906249999999997,0.10375
"171",0.10984375,0.10921875,0.1021875
"172",0.0996874999999998,0.0946874999999998,0.0781249999999997
"173",0.1065625,0.121875,0.11375
"174",0.0753124999999997,0.1090625,0.0698437499999997
"175",0.0640624999999997,0.1034375,0.0693749999999997
"176",0.12875,0.11953125,0.1121875
"177",0.1559375,0.0909374999999998,0.0828124999999997
"178",0.1209375,0.0931249999999997,0.14875
"179",0.0787499999999997,0.101875,0.10875
"180",0.0949999999999998,0.0812499999999997,0.0862499999999997
"181",0.130625,0.119375,0.118125
"182",0.0937499999999998,0.13390625,0.0934374999999998
"183",0.0721874999999997,0.0996874999999998,0.1396875
"184",0.1040625,0.135,0.0884374999999998
"185",0.140625,0.0929687499999997,0.1021875
"186",0.11375,0.1246875,0.0499999999999997
"187",0.1125,0.0968749999999998,0.1071875
"188",0.134375,0.0859374999999998,0.1325
"189",0.0103124999999997,0.0968749999999998,0.13359375
"190",0.0931249999999997,0.0815624999999997,0.0948437499999998
"191",0.0884374999999998,0.1065625,0.1025
"192",0.13015625,0.0737499999999997,0.0956249999999998
"193",0.1265625,0.0812499999999997,0.1175
"194",0.0540624999999997,0.0787499999999997,0.0934374999999998
"195",0.0606249999999997,0.0881249999999997,0.10671875
"196",0.0918749999999997,0.1228125,0.0871874999999998
"197",0.145,0.11375,0.11859375
"198",0.1034375,0.0842187499999997,0.1303125
"199",0.141875,0.113125,0.10546875
"200",0.0743749999999997,0.0728124999999997,0.10203125
"201",0.0509374999999997,0.0831249999999997,0.0829687499999997
"202",0.0924999999999997,0.0931249999999997,0.121875
"203",0.1115625,0.1134375,0.0643749999999997
"204",0.11828125,0.0614062499999997,0.0656249999999997
"205",0.1265625,0.0918749999999997,0.1159375
"206",0.1246875,0.0501562499999997,0.1159375
"207",0.0620312499999997,0.104375,0.0640624999999997
"208",0.0921874999999998,0.0456249999999997,0.0946874999999998
"209",0.1065625,0.149375,0.1165625
"210",0.1234375,0.0996874999999998,0.0890624999999997
"211",0.0706249999999997,0.0656249999999997,0.12640625
"212",0.12125,0.110625,0.0840624999999997
"213",0.106875,0.0956249999999998,0.0943749999999998
"214",0.0960937499999998,0.11265625,0.12625
"215",0.0362499999999997,0.0878124999999997,0.110625
"216",0.0621874999999997,0.0959374999999998,0.106875
"217",0.1046875,0.0976562499999998,0.0893749999999997
"218",0.0703124999999997,0.105,0.0456249999999997
"219",0.1409375,0.0968749999999998,0.0831249999999997
"220",0.130625,0.125,0.0953124999999997
"221",0.0996874999999998,0.0832812499999998,0.0737499999999997
"222",0.0924999999999997,0.0481249999999997,0.1078125
"223",0.0399999999999997,0.0828124999999997,0.0704687499999997
"224",0.0768749999999997,0.0984374999999998,0.0879687499999997
"225",0.1078125,0.0964062499999997,0.0831249999999997
"226",0.171875,0.0837499999999997,0.12375
"227",0.0970312499999998,0.0654687499999997,0.1028125
"228",0.0768749999999997,0.10375,0.1103125
"229",0.0346874999999997,0.0999999999999998,0.100625
"230",0.0989062499999998,0.0992187499999997,0.1228125
"231",0.1125,0.0784374999999997,0.0682812499999997
"232",0.0964062499999997,0.0948437499999998,0.101875
"233",0.0981249999999998,0.0546874999999997,0.0856249999999997
"234",0.12546875,0.1284375,0.11015625
"235",0.11578125,0.0865624999999997,0.0920312499999998
"236",0.0762499999999997,0.1053125,0.1175
"237",0.0376562499999997,0.0756249999999997,0.0874999999999997
"238",0.0931249999999997,0.105,0.0659374999999997
"239",0.0968749999999998,0.0640624999999997,0.0890624999999997
"240",1.9531249999667e-05,0.1103125,0.0793749999999997
"241",0.1596875,0.0768749999999997,0.1046875
"242",0.1053125,0.0687499999999997,0.0893749999999997
"243",0.10875,0.0984374999999998,0.0987499999999998
"244",0.0899999999999997,0.10890625,0.0820312499999998
"245",0.1203125,0.15109375,0.0660937499999997
"246",0.0842187499999997,0.1303125,0.0556249999999997
"247",0.11546875,0.115625,0.1065625
"248",0.1575,0.0857812499999998,0.0774999999999997
"249",0.109375,0.0748437499999997,0.0896874999999998
"250",0.0999999999999998,0.0668749999999997,0.0457812499999997
"251",0.1053125,0.0731249999999997,0.0979687499999997
"252",0.0468749999999997,0.121875,0.1328125
"253",0.0959374999999998,0.14375,0.1240625
"254",0.125,0.0703124999999997,0.0943749999999998
"255",0.0793749999999997,0.0812499999999997,0.0974999999999998
"256",0.1009375,0.0924999999999997,0.1021875
"257",0.0712499999999997,0.10375,0.1153125
"258",0.1278125,0.135,0.11015625
"259",0.0871874999999998,0.11890625,0.10953125
"260",0.0793749999999997,0.0343749999999997,0.10125
"261",0.0706249999999997,0.1234375,0.11640625
"262",0.140625,0.0968749999999998,0.0687499999999997
"263",0.0659374999999997,0.0949999999999998,0.12375
"264",0.1371875,0.0671874999999997,0.0882812499999998
"265",0.0859374999999998,0.0940624999999997,0.0731249999999997
"266",0.124375,0.1015625,0.11328125
"267",0.1321875,0.0974999999999998,0.1159375
"268",0.10296875,0.10875,0.0853124999999997
"269",0.0884374999999998,0.11625,0.1209375
"270",0.134375,0.0856249999999997,0.10375
"271",0.0814062499999997,0.0962499999999998,0.1046875
"272",0.0532812499999997,0.1075,0.111875
"273",0.12109375,0.10375,0.115625
"274",0.106875,0.108125,0.118125
"275",0.0899999999999997,0.11234375,0.0696874999999997
"276",0.13546875,0.0837499999999997,0.0909374999999998
"277",0.11625,0.0996874999999998,0.101875
"278",0.106875,0.1325,0.1003125
"279",0.1225,0.0607812499999997,0.1303125
"280",0.0457812499999997,0.11875,0.0793749999999997
"281",0.141875,0.0749999999999997,0.0971874999999998
"282",0.0471874999999997,0.139375,0.0862499999999997
"283",0.0593749999999997,0.1334375,0.11765625
"284",0.15,0.1275,0.0774999999999997
"285",0.0990624999999997,0.14375,0.10015625
"286",0.101875,0.0853124999999997,0.0899999999999997
"287",0.0526562499999997,0.0748437499999997,0.0743749999999997
"288",0.1275,0.0829687499999997,0.0842187499999997
"289",0.0643749999999997,0.1246875,0.125
"290",0.131875,0.0812499999999997,0.1115625
"291",0.11984375,0.0921874999999998,0.0774999999999997
"292",0.0974999999999998,0.1234375,0.0890624999999997
"293",0.17375,0.11375,0.115625
"294",0.0624999999999997,0.1059375,0.0671874999999997
"295",0.0759374999999997,0.0917187499999997,0.114375
"296",0.0731249999999997,0.1134375,0.0878124999999997
"297",0.14125,0.11,0.0665624999999997
"298",0.1240625,0.1090625,0.0887499999999997
"299",0.1196875,0.1134375,0.0990624999999997
"300",0.0840624999999997,0.10375,0.1071875
"301",0.0203124999999997,0.1203125,0.11109375
"302",0.0929687499999997,0.0906249999999997,0.125625
"303",0.0862499999999997,0.10375,0.1415625
"304",0.0540624999999997,0.1040625,0.12421875
"305",0.0353124999999997,0.0781249999999997,0.0893749999999997
"306",0.1525,0.13625,0.10875
"307",0.0759374999999997,0.0859374999999998,0.0673437499999997
"308",0.1053125,0.10234375,0.0981249999999998
"309",0.0968749999999998,0.1140625,0.0862499999999997
"310",0.0864062499999997,0.0681249999999997,0.0999999999999998
"311",0.13359375,0.0992187499999997,0.126875
"312",0.0610937499999997,0.10640625,0.1315625
"313",0.0954687499999997,0.0823437499999997,0.0967187499999997
"314",0.14265625,0.105625,0.0957812499999998
"315",0.1346875,0.0871874999999998,0.13546875
"316",0.0684374999999997,0.13125,0.0649999999999997
"317",0.0662499999999997,0.1090625,0.106875
"318",0.11375,0.0923437499999998,0.0906249999999997
"319",0.0599999999999997,0.1184375,0.1221875
"320",0.156875,0.12625,0.115
"321",0.13,0.0990624999999997,0.0978124999999997
"322",0.1284375,0.115625,0.0774999999999997
"323",0.0845312499999998,0.0745312499999997,0.125
"324",0.14421875,0.0801562499999997,0.108125
"325",0.0910937499999998,0.1178125,0.0685937499999997
"326",0.118125,0.0706249999999997,0.11890625
"327",0.11734375,0.0779687499999997,0.121875
"328",0.10328125,0.0728124999999997,0.0906249999999997
"329",0.0559374999999997,0.0603124999999997,0.11390625
"330",0.0762499999999997,0.1059375,0.11671875
"331",0.1275,0.0728124999999997,0.1378125
"332",0.0643749999999997,0.10421875,0.0974999999999998
"333",0.0618749999999997,0.0893749999999997,0.1065625
"334",0.12984375,0.0998437499999998,0.0928124999999997
"335",0.1028125,0.12125,0.0778124999999997
"336",0.1228125,0.1003125,0.0710937499999997
"337",0.0790624999999997,0.10859375,0.1503125
"338",0.1740625,0.0931249999999997,0.0753124999999997
"339",0.1240625,0.0603124999999997,0.11
"340",0.13875,0.0889062499999997,0.0996874999999998
"341",0.1325,0.1015625,0.0531249999999997
"342",0.0924999999999997,0.0956249999999998,0.0593749999999997
"343",0.0937499999999998,0.0649999999999997,0.10375
"344",0.0365624999999997,0.12296875,0.0854687499999997
"345",0.14,0.0824999999999997,0.11515625
"346",3.9062499999667e-05,0.10796875,0.105
"347",0.1253125,0.0731249999999997,0.1134375
"348",0.0692187499999997,0.0553124999999997,0.0762499999999997
"349",0.0853124999999997,0.1371875,0.1096875
"350",0.0892187499999997,0.0993749999999998,0.1021875
"351",0.13265625,0.0568749999999997,0.1053125
"352",0.0959374999999998,0.0762499999999997,0.0923437499999998
"353",0.17,0.108125,0.1015625
"354",0.0456249999999997,0.0681249999999997,0.0864062499999997
"355",0.1290625,0.0803124999999997,0.12875
"356",0.0606249999999997,0.1125,0.1078125
"357",0.0856249999999997,0.104375,0.0984374999999998
"358",0.144375,0.15359375,0.0959374999999998
"359",0.1328125,0.0948437499999998,0.126875
"360",0.0639062499999997,0.0628124999999997,0.139375
"361",0.1425,0.1115625,0.0668749999999997
"362",0.0471874999999997,0.0367187499999997,0.1096875
"363",0.0892187499999997,0.1071875,0.1221875
"364",0.146875,0.1040625,0.0876562499999997
"365",0.1078125,0.113125,0.0803124999999997
"366",0.0910937499999998,0.0945312499999998,0.0984374999999998
"367",0.0315624999999997,0.1028125,0.113125
"368",0.10234375,0.0806249999999997,0.0857812499999998
"369",0.163125,0.1225,0.108125
"370",0.120625,0.105,0.1121875
"371",0.131875,0.0659374999999997,0.10875
"372",0.12375,0.12625,0.10859375
"373",0.10625,0.1025,0.1046875
"374",0.1009375,0.0887499999999997,0.0603124999999997
"375",0.0918749999999997,0.0762499999999997,0.100625
"376",0.109375,0.0799999999999997,0.1125
"377",0.1028125,0.0593749999999997,0.0999999999999998
"378",0.1159375,0.1134375,0.0743749999999997
"379",0.0956249999999998,0.0896874999999998,0.0946874999999998
"380",0.12171875,0.12125,0.1128125
"381",0.11875,0.0743749999999997,0.0899999999999997
"382",0.1121875,0.126875,0.0806249999999997
"383",0.0521874999999997,0.130625,0.0717187499999997
"384",0.101875,0.0999999999999998,0.0785937499999997
"385",0.1175,0.0879687499999997,0.0918749999999997
"386",0.103125,0.1090625,0.115
"387",0.0784374999999997,0.111875,0.10390625
"388",0.11875,0.0371874999999997,0.0974999999999998
"389",0.0671874999999997,0.106875,0.0787499999999997
"390",0.0781249999999997,0.0726562499999997,0.1203125
"391",0.0859374999999998,0.0831249999999997,0.0856249999999997
"392",0.0689062499999997,0.0853124999999997,0.1096875
"393",0.0826562499999997,0.11375,0.1103125
"394",0.0860937499999997,0.11953125,0.0921874999999998
"395",0.0831249999999997,0.0924999999999997,0.0656249999999997
"396",0.0840624999999997,0.0784374999999997,0.0840624999999997
"397",0.13375,0.11875,0.0848437499999997
"398",0.138125,0.0868749999999997,0.0910937499999998
"399",0.0795312499999997,0.0662499999999997,0.0903124999999997
"400",0.0740624999999997,0.109375,0.0998437499999998
"401",0.0912499999999997,0.0974999999999998,0.1075
"402",0.0478124999999997,0.0968749999999998,0.0893749999999997
"403",0.114375,0.1025,0.0906249999999997
"404",0.0631249999999997,0.0907812499999998,0.104375
"405",0.0956249999999998,0.0798437499999997,0.0782812499999997
"406",0.0746874999999997,0.0907812499999998,0.0946874999999998
"407",0.1065625,0.0724999999999997,0.1025
"408",0.129375,0.101875,0.0837499999999997
"409",0.133125,0.1096875,0.1025
"410",0.0804687499999997,0.0799999999999997,0.113125
"411",0.1075,0.1046875,0.110625
"412",0.0765624999999997,0.0962499999999998,0.0765624999999997
"413",0.0637499999999997,0.0826562499999997,0.14875
"414",0.0856249999999997,0.10515625,0.11
"415",0.0899999999999997,0.0760937499999997,0.1184375
"416",0.12234375,0.0573437499999997,0.13625
"417",0.0949999999999998,0.10796875,0.0887499999999997
"418",0.0565624999999997,0.12140625,0.10015625
"419",0.0462499999999997,0.14203125,0.0609374999999997
"420",0.0624999999999997,0.0856249999999997,0.108125
"421",0.0931249999999997,0.1509375,0.11296875
"422",0.1040625,0.116875,0.0799999999999997
"423",0.0978124999999997,0.14625,0.0743749999999997
"424",0.1115625,0.0981249999999998,0.0731249999999997
"425",0.0812499999999997,0.1325,0.119375
"426",0.1040625,0.11265625,0.1278125
"427",0.0823437499999997,0.0974999999999998,0.12125
"428",0.12484375,0.0940624999999997,0.1246875
"429",0.12328125,0.0781249999999997,0.1046875
"430",0.0712499999999997,0.1265625,0.103125
"431",0.103125,0.0923437499999998,0.0749999999999997
"432",0.11234375,0.0856249999999997,0.103125
"433",0.10984375,0.13625,0.0921874999999998
"434",0.0681249999999997,0.0940624999999997,0.10875
"435",0.0860937499999997,0.0681249999999997,0.12125
"436",0.12125,0.0899999999999997,0.1078125
"437",0.11625,0.126875,0.11953125
"438",0.0604687499999997,0.11671875,0.141875
"439",0.0474999999999997,0.0999999999999998,0.0984374999999998
"440",0.1071875,0.13,0.0624999999999997
"441",0.0831249999999997,0.13765625,0.11125
"442",0.0840624999999997,0.0820312499999998,0.12625
"443",0.11875,0.1075,0.0412499999999997
"444",0.0849999999999997,0.0920312499999998,0.0859374999999998
"445",0.0759374999999997,0.0693749999999997,0.0943749999999998
"446",0.109375,0.108125,0.111875
"447",0.0578124999999997,0.0507812499999997,0.1121875
"448",0.0624999999999997,0.1259375,0.0693749999999997
"449",0.0795312499999997,0.105625,0.0549999999999997
"450",0.0985937499999998,0.11640625,0.130625
"451",0.0706249999999997,0.128125,0.141875
"452",0.1234375,0.0979687499999997,0.0906249999999997
"453",0.0587499999999997,0.0915624999999997,0.1059375
"454",0.12125,0.0853124999999997,0.101875
"455",0.1715625,0.0778124999999997,0.14375
"456",0.0629687499999997,0.0734374999999997,0.0587499999999997
"457",0.0818749999999997,0.0818749999999997,0.1021875
"458",0.1325,0.0796874999999997,0.0706249999999997
"459",0.0528124999999997,0.0781249999999997,0.12921875
"460",0.1015625,0.1015625,0.0879687499999997
"461",0.11125,0.123125,0.1340625
"462",0.0810937499999997,0.0693749999999997,0.1053125
"463",0.1328125,0.13109375,0.0703124999999997
"464",0.1590625,0.12765625,0.0912499999999997
"465",0.13671875,0.0356249999999997,0.11234375
"466",0.0640624999999997,0.0756249999999997,0.0696874999999997
"467",0.0881249999999997,0.0790624999999997,0.0956249999999998
"468",0.12203125,0.0971874999999998,0.0878124999999997
"469",0.0595312499999997,0.0893749999999997,0.0818749999999997
"470",0.130625,0.0804687499999997,0.0649999999999997
"471",0.0649999999999997,0.0918749999999997,0.1025
"472",0.1575,0.1003125,0.1159375
"473",0.0884374999999998,0.0887499999999997,0.0965624999999997
"474",0.10875,0.0781249999999997,0.0862499999999997
"475",0.111875,0.10625,0.1065625
"476",0.101875,0.0631249999999997,0.1259375
"477",0.1009375,0.1109375,0.1096875
"478",0.13375,0.1471875,0.0709374999999997
"479",0.12671875,0.11,0.0953124999999997
"480",0.0540624999999997,0.1215625,0.0592187499999997
"481",0.173125,0.115,0.1175
"482",0.14125,0.0778124999999997,0.0842187499999997
"483",0.10421875,0.0703124999999997,0.0943749999999998
"484",0.0734374999999997,0.0787499999999997,0.0785937499999997
"485",0.12296875,0.1528125,0.133125
"486",0.15515625,0.0831249999999997,0.1028125
"487",0.0149999999999997,0.1025,0.0749999999999997
"488",0.14,0.0878124999999997,0.0968749999999998
"489",0.0504687499999997,0.0743749999999997,0.0953124999999997
"490",0.1025,0.118125,0.13796875
"491",0.13703125,0.1015625,0.110625
"492",0.0599999999999997,0.0840624999999997,0.0896874999999998
"493",0.1446875,0.0837499999999997,0.0917187499999997
"494",0.0912499999999997,0.0676562499999997,0.118125
"495",0.0623437499999997,0.1625,0.118125
"496",0.139375,0.1234375,0.11875
"497",0.1040625,0.139375,0.0945312499999998
"498",0.1315625,0.0998437499999998,0.11015625
"499",0.1275,0.115625,0.0671874999999997
"500",0.0760937499999997,0.0826562499999997,0.1440625
"501",0.0742187499999997,0.0862499999999997,0.0973437499999998
"502",0.134375,0.1203125,0.11
"503",0.0649999999999997,0.0735937499999997,0.0417187499999997
"504",0.0609374999999997,0.0918749999999997,0.1134375
"505",0.12140625,0.0879687499999997,0.1325
"506",0.0567187499999997,0.130625,0.0693749999999997
"507",0.0360937499999997,0.0784374999999997,0.0703124999999997
"508",0.16875,0.0928124999999997,0.0793749999999997
"509",0.13546875,0.114375,0.0893749999999997
"510",0.0715624999999997,0.115,0.0803124999999997
"511",0.0724999999999997,0.0873437499999997,0.1040625
"512",0.10265625,0.114375,0.1115625
"513",0.0968749999999998,0.1178125,0.105
"514",0.10125,0.1090625,0.0712499999999997
"515",0.0890624999999997,0.0915624999999997,0.1071875
"516",0.114375,0.0818749999999997,0.0859374999999998
"517",0.0796874999999997,0.158125,0.0771874999999997
"518",0.0967187499999997,0.1296875,0.0618749999999997
"519",0.13140625,0.1415625,0.0853124999999997
"520",0.111875,0.0793749999999997,0.0912499999999997
"521",0.0624999999999997,0.100625,0.11625
"522",0.0496874999999997,0.0860937499999997,0.110625
"523",0.0696874999999997,0.105,0.1134375
"524",0.1534375,0.0674999999999997,0.115
"525",0.0962499999999998,0.0873437499999997,0.1221875
"526",0.0926562499999997,0.0745312499999997,0.10828125
"527",0.0965624999999997,0.0606249999999997,0.10140625
"528",0.10828125,0.0812499999999997,0.0806249999999997
"529",0.0909374999999998,0.1190625,0.0987499999999998
"530",0.116875,0.1190625,0.0399999999999997
"531",0.104375,0.1640625,0.126875
"532",0.0637499999999997,0.0837499999999997,0.0799999999999997
"533",0.1021875,0.0578124999999997,0.1384375
"534",0.0768749999999997,0.0487499999999997,0.0696874999999997
"535",0.0740624999999997,0.1265625,0.101875
"536",0.14328125,0.10359375,0.0793749999999997
"537",0.1165625,0.1446875,0.0937499999999998
"538",0.0812499999999997,0.0981249999999998,0.0871874999999998
"539",0.0234374999999997,0.0962499999999998,0.0781249999999997
"540",0.0640624999999997,0.16,0.0946874999999998
"541",0.0949999999999998,0.11640625,0.0946874999999998
"542",0.1090625,0.0759374999999997,0.11046875
"543",0.0946874999999998,0.0981249999999998,0.0824999999999997
"544",0.1146875,0.1225,0.12578125
"545",0.1025,0.1340625,0.0768749999999997
"546",0.10625,0.0876562499999997,0.1228125
"547",0.0617187499999997,0.141875,0.0881249999999997
"548",0.1440625,0.0843749999999997,0.0803124999999997
"549",0.118125,0.0643749999999997,0.10234375
"550",0.1609375,0.11640625,0.0868749999999997
"551",0.0996874999999998,0.125,0.0609374999999997
"552",0.13140625,0.0653124999999997,0.11546875
"553",0.143125,0.0659374999999997,0.0887499999999997
"554",0.0909374999999998,0.0787499999999997,0.1125
"555",0.0546874999999997,0.10859375,0.0968749999999998
"556",0.120625,0.140625,0.0610937499999997
"557",0.0831249999999997,0.1046875,0.1146875
"558",0.0881249999999997,0.0626562499999997,0.0615624999999997
"559",0.145625,0.0693749999999997,0.0804687499999997
"560",0.13625,0.1040625,0.11875
"561",0.0865624999999997,0.0521874999999997,0.0912499999999997
"562",0.14875,0.0615624999999997,0.0987499999999998
"563",0.110625,0.0721874999999997,0.1178125
"564",0.0771874999999997,0.0971874999999998,0.126875
"565",0.1221875,0.0573437499999997,0.0851562499999997
"566",0.1196875,0.11234375,0.109375
"567",0.0864062499999997,0.0909374999999998,0.0573437499999997
"568",0.1025,0.0996874999999998,0.0896874999999998
"569",0.0798437499999997,0.0878124999999997,0.0937499999999998
"570",0.0721874999999997,0.136875,0.0973437499999998
"571",0.0773437499999997,0.1225,0.0656249999999997
"572",0.0720312499999997,0.0715624999999997,0.105
"573",0.0815624999999997,0.1134375,0.1109375
"574",0.0873437499999997,0.0932812499999998,0.164375
"575",0.139375,0.0829687499999997,0.1115625
"576",0.15078125,0.13140625,0.1115625
"577",0.12828125,0.10703125,0.1196875
"578",0.0495312499999997,0.1015625,0.0971874999999998
"579",0.10296875,0.0824999999999997,0.105
"580",0.0746874999999997,0.101875,0.0654687499999997
"581",0.0978124999999997,0.100625,0.1215625
"582",0.0956249999999998,0.11625,0.116875
"583",0.12625,0.10125,0.0831249999999997
"584",0.0757812499999997,0.133125,0.0778124999999997
"585",0.0845312499999998,0.0999999999999998,0.119375
"586",0.0914062499999997,0.0962499999999998,0.12703125
"587",0.0462499999999997,0.16375,0.0521874999999997
"588",0.0999999999999998,0.111875,0.10046875
"589",0.0853124999999997,0.0796874999999997,0.0856249999999997
"590",0.129375,0.0881249999999997,0.0987499999999998
"591",0.120625,0.1384375,0.139375
"592",0.113125,0.1103125,0.11765625
"593",0.0712499999999997,0.0990624999999997,0.10734375
"594",0.125,0.0946874999999998,0.0931249999999997
"595",0.1275,0.0649999999999997,0.10625
"596",0.0887499999999997,0.12125,0.0892187499999997
"597",0.0846874999999997,0.0957812499999998,0.0743749999999997
"598",0.14,0.0914062499999997,0.12375
"599",0.0884374999999998,0.0949999999999998,0.0912499999999997
"600",0.0606249999999997,0.0999999999999998,0.16484375
"601",0.0943749999999998,0.100625,0.11046875
"602",0.0893749999999997,0.0728124999999997,0.0723437499999997
"603",0.0903124999999997,0.101875,0.0803124999999997
"604",0.113125,0.1328125,0.13375
"605",0.1096875,0.0681249999999997,0.1075
"606",0.105625,0.1078125,0.0960937499999998
"607",0.135,0.0946874999999998,0.12671875
"608",0.0653124999999997,0.0868749999999997,0.0687499999999997
"609",0.0885937499999997,0.0993749999999998,0.0656249999999997
"610",0.16625,0.119375,0.0920312499999998
"611",0.13625,0.0937499999999998,0.0749999999999997
"612",0.11015625,0.0887499999999997,0.0776562499999997
"613",0.0776562499999997,0.0924999999999997,0.111875
"614",0.126875,0.14,0.0760937499999997
"615",0.1253125,0.1140625,0.0749999999999997
"616",0.154375,0.0762499999999997,0.0632812499999997
"617",0.0731249999999997,0.0768749999999997,0.11390625
"618",0.0940624999999997,0.0940624999999997,0.0898437499999998
"619",0.1309375,0.1265625,0.10375
"620",0.1225,0.133125,0.11578125
"621",0.1046875,0.1071875,0.12625
"622",0.1184375,0.1134375,0.0687499999999997
"623",0.0928124999999997,0.129375,0.0881249999999997
"624",0.1046875,0.0726562499999997,0.0931249999999997
"625",0.1125,0.0978124999999997,0.1021875
"626",0.1275,0.1175,0.0974999999999998
"627",0.0487499999999997,0.1475,0.0962499999999998
"628",0.0746874999999997,0.0699999999999997,0.100625
"629",0.16796875,0.125,0.120625
"630",0.0931249999999997,0.0724999999999997,0.1340625
"631",0.10171875,0.159375,0.0799999999999997
"632",0.0829687499999997,0.0690624999999997,0.113125
"633",0.0712499999999997,0.1040625,0.0948437499999998
"634",0.0862499999999997,0.0539062499999997,0.0832812499999998
"635",0.1465625,0.0401562499999997,0.1475
"636",0.123125,0.1159375,0.0793749999999997
"637",0.0921874999999998,0.0759374999999997,0.0974999999999998
"638",0.0506249999999997,0.0815624999999997,0.116875
"639",0.1025,0.0693749999999997,0.13625
"640",0.12375,0.0973437499999998,0.0646874999999997
"641",0.0939062499999997,0.0631249999999997,0.0993749999999998
"642",0.0614062499999997,0.1234375,0.11765625
"643",0.0826562499999997,0.0720312499999997,0.13109375
"644",0.0982812499999998,0.108125,0.118125
"645",0.0551562499999997,0.0859374999999998,0.1215625
"646",0.0715624999999997,0.0893749999999997,0.10125
"647",0.0837499999999997,0.10375,0.0915624999999997
"648",0.0767187499999997,0.1434375,0.10265625
"649",0.0343749999999997,0.0878124999999997,0.115625
"650",0.1309375,0.0998437499999998,0.121875
"651",0.0557812499999997,0.1115625,0.10734375
"652",0.0892187499999997,0.0835937499999997,0.10703125
"653",0.10625,0.0824999999999997,0.0924999999999997
"654",0.1003125,0.124375,0.0896874999999998
"655",0.0889062499999997,0.1453125,0.0956249999999998
"656",0.0778124999999997,0.0907812499999998,0.125625
"657",0.12375,0.135,0.110625
"658",0.141875,0.0928124999999997,0.1140625
"659",0.1465625,0.111875,0.0779687499999997
"660",0.119375,0.1246875,0.1096875
"661",0.0881249999999997,0.0534374999999997,0.11875
"662",0.0610937499999997,0.0853124999999997,0.1390625
"663",0.11984375,0.1225,0.0892187499999997
"664",0.0785937499999997,0.1109375,0.0753124999999997
"665",0.0909374999999998,0.0959374999999998,0.15
"666",0.18671875,0.0831249999999997,0.0893749999999997
"667",0.1346875,0.0964062499999997,0.0756249999999997
"668",0.10140625,0.0851562499999997,0.0796874999999997
"669",0.10984375,0.0684374999999997,0.1059375
"670",0.1515625,0.1075,0.0921874999999998
"671",0.0848437499999997,0.0884374999999998,0.1134375
"672",0.133125,0.0885937499999997,0.1053125
"673",0.1465625,0.114375,0.0949999999999998
"674",0.0692187499999997,0.0670312499999997,0.0965624999999997
"675",0.0853124999999997,0.140625,0.0965624999999997
"676",0.11453125,0.0903124999999997,0.1015625
"677",0.148125,0.0865624999999997,0.0909374999999998
"678",0.0945312499999998,0.1109375,0.0996874999999998
"679",0.0509374999999997,0.0860937499999997,0.0981249999999998
"680",0.0799999999999997,0.1275,0.0806249999999997
"681",0.130625,0.0968749999999998,0.10953125
"682",0.1871875,0.115625,0.0718749999999997
"683",0.0170312499999997,0.118125,0.1040625
"684",0.0799999999999997,0.0831249999999997,0.0865624999999997
"685",0.0678124999999997,0.0887499999999997,0.13375
"686",0.0721874999999997,0.0676562499999997,0.11359375
"687",0.0984374999999998,0.140625,0.11875
"688",0.0440624999999997,0.0756249999999997,0.101875
"689",0.1146875,0.1159375,0.1128125
"690",0.1009375,0.0953124999999997,0.0882812499999998
"691",0.1990625,0.143125,0.1084375
"692",0.0740624999999997,0.11,0.0932812499999998
"693",0.135,0.0668749999999997,0.0937499999999998
"694",0.1415625,0.0979687499999997,0.0943749999999998
"695",0.12203125,0.0749999999999997,0.1009375
"696",0.153125,0.146875,0.1009375
"697",0.15375,0.0971874999999998,0.0815624999999997
"698",0.1446875,0.1234375,0.0912499999999997
"699",0.14125,0.1040625,0.0796874999999997
"700",0.0774999999999997,0.0717187499999997,0.14625
"701",0.1225,0.0803124999999997,0.0717187499999997
"702",0.0868749999999997,0.101875,0.1090625
"703",0.0667187499999997,0.13125,0.0837499999999997
"704",0.15484375,0.11578125,0.0676562499999997
"705",0.0412499999999997,0.13390625,0.11953125
"706",0.148125,0.0771874999999997,0.0531249999999997
"707",0.0470312499999997,0.1184375,0.1028125
"708",0.106875,0.0878124999999997,0.11265625
"709",0.116875,0.0803124999999997,0.0742187499999997
"710",0.0459374999999997,0.0821874999999997,0.0937499999999998
"711",0.0468749999999997,0.0668749999999997,0.114375
"712",0.1009375,0.0937499999999998,0.0937499999999998
"713",0.0946874999999998,0.0824999999999997,0.0787499999999997
"714",0.17265625,0.0909374999999998,0.115
"715",0.12703125,0.1175,0.0824999999999997
"716",0.0937499999999998,0.119375,0.114375
"717",0.11375,0.0912499999999997,0.0898437499999998
"718",0.0737499999999997,0.0843749999999997,0.0979687499999997
"719",0.145,0.0734374999999997,0.0646874999999997
"720",0.0778124999999997,0.0890624999999997,0.1009375
"721",0.1128125,0.0999999999999998,0.0764062499999997
"722",0.0395312499999997,0.0540624999999997,0.1159375
"723",0.1109375,0.1253125,0.115625
"724",0.0690624999999997,0.0799999999999997,0.0865624999999997
"725",0.0942187499999997,0.0634374999999997,0.1159375
"726",0.0739062499999997,0.0824999999999997,0.1290625
"727",0.0985937499999998,0.10375,0.105625
"728",0.12,0.0846874999999997,0.128125
"729",0.1053125,0.1028125,0.0664062499999997
"730",0.1053125,0.0949999999999998,0.1028125
"731",0.0606249999999997,0.0942187499999997,0.0728124999999997
"732",0.0521874999999997,0.0856249999999997,0.113125
"733",0.121875,0.0887499999999997,0.0890624999999997
"734",0.0615624999999997,0.0840624999999997,0.0851562499999997
"735",0.0899999999999997,0.0724999999999997,0.0865624999999997
"736",0.0623437499999997,0.1228125,0.10625
"737",0.0593749999999997,0.128125,0.0906249999999997
"738",0.0843749999999997,0.0798437499999997,0.0803124999999997
"739",0.0909374999999998,0.0806249999999997,0.0596874999999997
"740",0.0881249999999997,0.1375,0.1109375
"741",0.0824999999999997,0.0981249999999998,0.0964062499999997
"742",0.0978124999999997,0.0745312499999997,0.0939062499999997
"743",0.1090625,0.15,0.0979687499999997
"744",0.0821874999999997,0.0651562499999997,0.0984374999999998
"745",0.0832812499999998,0.126875,0.0951562499999997
"746",0.1209375,0.0828124999999997,0.0840624999999997
"747",0.0940624999999997,0.1109375,0.105
"748",0.0853124999999997,0.105,0.0698437499999997
"749",0.1575,0.11546875,0.0943749999999998
"750",0.0970312499999998,0.0915624999999997,0.1109375
"751",0.1434375,0.116875,0.109375
"752",0.10109375,0.1253125,0.0871874999999998
"753",0.106875,0.0779687499999997,0.1184375
"754",0.1221875,0.0753124999999997,0.0887499999999997
"755",0.1421875,0.0748437499999997,0.0857812499999998
"756",0.104375,0.1096875,0.0917187499999997
"757",0.11171875,0.1103125,0.0949999999999998
"758",0.1390625,0.0999999999999998,0.105
"759",0.1440625,0.0959374999999998,0.1046875
"760",0.0906249999999997,0.0912499999999997,0.0356249999999997
"761",0.1565625,0.1296875,0.1228125
"762",0.114375,0.1034375,0.104375
"763",0.1121875,0.13921875,0.1375
"764",0.12046875,0.0818749999999997,0.0890624999999997
"765",0.0596874999999997,0.0643749999999997,0.0959374999999998
"766",0.12546875,0.0849999999999997,0.0934374999999998
"767",0.10140625,0.0710937499999997,0.0959374999999998
"768",0.1021875,0.0970312499999998,0.1071875
"769",0.0864062499999997,0.115625,0.0982812499999998
"770",0.0982812499999998,0.0949999999999998,0.0846874999999997
"771",0.1103125,0.0978124999999997,0.10875
"772",0.1021875,0.0959374999999998,0.0768749999999997
"773",0.135,0.11875,0.0839062499999997
"774",0.0756249999999997,0.0953124999999997,0.128125
"775",0.0740624999999997,0.0729687499999997,0.0799999999999997
"776",0.11578125,0.0968749999999998,0.1184375
"777",0.1415625,0.1246875,0.100625
"778",0.0693749999999997,0.12375,0.0715624999999997
"779",0.0787499999999997,0.1009375,0.0812499999999997
"780",0.120625,0.1315625,0.0774999999999997
"781",0.0709374999999997,0.0740624999999997,0.136875
"782",0.1371875,0.0904687499999997,0.1384375
"783",0.113125,0.11640625,0.0865624999999997
"784",0.0818749999999997,0.0993749999999998,0.12375
"785",0.0843749999999997,0.1103125,0.1190625
"786",0.1575,0.10125,0.0787499999999997
"787",0.11375,0.0856249999999997,0.119375
"788",0.1753125,0.12984375,0.11125
"789",0.0618749999999997,0.0687499999999997,0.10625
"790",0.106875,0.0924999999999997,0.1134375
"791",0.0746874999999997,0.0645312499999997,0.104375
"792",0.145625,0.1403125,0.0507812499999997
"793",0.1325,0.0718749999999997,0.0504687499999997
"794",0.145,0.168125,0.1228125
"795",0.0634374999999997,0.0865624999999997,0.0792187499999997
"796",0.11140625,0.12125,0.0789062499999997
"797",0.151875,0.0592187499999997,0.0906249999999997
"798",0.139375,0.1475,0.0949999999999998
"799",0.1284375,0.1259375,0.0943749999999998
"800",0.0757812499999997,0.1415625,0.0899999999999997
"801",0.0781249999999997,0.14296875,0.1121875
"802",0.1196875,0.0485937499999997,0.1134375
"803",0.0881249999999997,0.0767187499999997,0.101875
"804",0.108125,0.0968749999999998,0.0690624999999997
"805",0.0731249999999997,0.1315625,0.115
"806",0.0824999999999997,0.0589062499999997,0.0903124999999997
"807",0.0749999999999997,0.1109375,0.1040625
"808",0.0971874999999998,0.109375,0.0865624999999997
"809",0.12234375,0.0978124999999997,0.12625
"810",0.0609374999999997,0.0599999999999997,0.1375
"811",0.0956249999999998,0.0774999999999997,0.10875
"812",0.0578124999999997,0.0443749999999997,0.0806249999999997
"813",0.113125,0.10375,0.1021875
"814",0.0587499999999997,0.0885937499999997,0.0943749999999998
"815",0.1325,0.1165625,0.0951562499999997
"816",0.12,0.10671875,0.13
"817",0.11,0.1025,0.0951562499999997
"818",0.129375,0.1184375,0.0812499999999997
"819",0.0999999999999998,0.10921875,0.0893749999999997
"820",0.10984375,0.169375,0.1025
"821",0.0701562499999997,0.1490625,0.0917187499999997
"822",0.0696874999999997,0.1025,0.0782812499999997
"823",0.1046875,0.0739062499999997,0.0843749999999997
"824",0.0853124999999997,0.1015625,0.1190625
"825",0.0576562499999997,0.13671875,0.119375
"826",0.1046875,0.11109375,0.0824999999999997
"827",0.111875,0.0887499999999997,0.105625
"828",0.1359375,0.101875,0.10875
"829",0.133125,0.1115625,0.0878124999999997
"830",0.115,0.0678124999999997,0.13390625
"831",0.1625,0.12875,0.0956249999999998
"832",0.18,0.0965624999999997,0.0721874999999997
"833",0.0496874999999997,0.0924999999999997,0.1325
"834",0.0931249999999997,0.0599999999999997,0.0809374999999997
"835",0.0760937499999997,0.10375,0.0853124999999997
"836",0.1478125,0.14,0.1271875
"837",0.0812499999999997,0.0668749999999997,0.0878124999999997
"838",0.133125,0.0762499999999997,0.0917187499999997
"839",0.0953124999999997,0.0824999999999997,0.1009375
"840",0.0812499999999997,0.10390625,0.0624999999999997
"841",0.141875,0.1090625,0.0799999999999997
"842",0.1140625,0.12015625,0.0970312499999998
"843",0.1075,0.1153125,0.0712499999999997
"844",0.0965624999999997,0.0732812499999997,0.0981249999999998
"845",0.0974999999999998,0.106875,0.0856249999999997
"846",0.130625,0.11125,0.0981249999999998
"847",0.0587499999999997,0.0928124999999997,0.0771874999999997
"848",0.0714062499999997,0.0748437499999997,0.1275
"849",0.1153125,0.0768749999999997,0.108125
"850",0.131875,0.140625,0.0849999999999997
"851",0.0737499999999997,0.0790624999999997,0.1190625
"852",0.1271875,0.14125,0.126875
"853",0.113125,0.11234375,0.12875
"854",0.1340625,0.0723437499999997,0.0962499999999998
"855",0.0398437499999997,0.11140625,0.0968749999999998
"856",0.126875,0.0721874999999997,0.0842187499999997
"857",0.0681249999999997,0.0968749999999998,0.0990624999999997
"858",0.12203125,0.0981249999999998,0.0895312499999998
"859",0.1215625,0.0915624999999997,0.114375
"860",0.0749999999999997,0.1178125,0.1003125
"861",0.0809374999999997,0.1046875,0.10265625
"862",0.16734375,0.0812499999999997,0.1059375
"863",0.0689062499999997,0.1028125,0.12625
"864",0.0649999999999997,0.0634374999999997,0.0768749999999997
"865",0.10125,0.1121875,0.1025
"866",0.0937499999999998,0.0676562499999997,0.0812499999999997
"867",0.1190625,0.165,0.0774999999999997
"868",0.0839062499999997,0.1034375,0.125
"869",0.0604687499999997,0.0940624999999997,0.0974999999999998
"870",0.0854687499999997,0.111875,0.0990624999999997
"871",0.1271875,0.15203125,0.105
"872",0.1028125,0.1265625,0.0734374999999997
"873",0.0524999999999997,0.0732812499999997,0.1025
"874",0.131875,0.0912499999999997,0.0870312499999998
"875",0.0740624999999997,0.0448437499999997,0.13625
"876",0.11765625,0.0854687499999997,0.1253125
"877",0.0846874999999997,0.1271875,0.0937499999999998
"878",0.0703124999999997,0.0965624999999997,0.0956249999999998
"879",0.1303125,0.1390625,0.1175
"880",0.12046875,0.135625,0.0960937499999998
"881",0.12984375,0.0731249999999997,0.0774999999999997
"882",0.174375,0.1221875,0.0856249999999997
"883",0.0707812499999997,0.0693749999999997,0.10375
"884",0.0796874999999997,0.0999999999999998,0.0884374999999998
"885",0.0612499999999997,0.0609374999999997,0.135
"886",0.0993749999999998,0.12515625,0.0990624999999997
"887",0.0901562499999997,0.0949999999999998,0.0484374999999997
"888",0.0998437499999998,0.1065625,0.1078125
"889",0.0899999999999997,0.1684375,0.0803124999999997
"890",0.13640625,0.0896874999999998,0.1209375
"891",0.0349999999999997,0.0646874999999997,0.0968749999999998
"892",0.1434375,0.0899999999999997,0.11890625
"893",0.114375,0.0734374999999997,0.12671875
"894",0.1125,0.143125,0.10765625
"895",0.1028125,0.0409374999999997,0.0989062499999998
"896",0.0593749999999997,0.1015625,0.113125
"897",0.1165625,0.1078125,0.0799999999999997
"898",0.0699999999999997,0.10703125,0.0774999999999997
"899",0.0968749999999998,0.0749999999999997,0.0862499999999997
"900",0.135625,0.0681249999999997,0.0574999999999997
"901",0.0968749999999998,0.0982812499999998,0.1271875
"902",0.1515625,0.0912499999999997,0.1321875
"903",0.0756249999999997,0.0762499999999997,0.11375
"904",0.17328125,0.10171875,0.0820312499999998
"905",0.0565624999999997,0.11171875,0.1053125
"906",0.0468749999999997,0.0959374999999998,0.0895312499999998
"907",0.0520312499999997,0.0921874999999998,0.1265625
"908",0.12953125,0.0746874999999997,0.13734375
"909",0.0618749999999997,0.1134375,0.0974999999999998
"910",0.101875,0.128125,0.1021875
"911",0.12890625,0.0962499999999998,0.1125
"912",0.1134375,0.0820312499999998,0.11125
"913",0.1275,0.1190625,0.0970312499999998
"914",0.0890624999999997,0.0874999999999997,0.1115625
"915",0.1084375,0.0846874999999997,0.0889062499999997
"916",0.0654687499999997,0.10234375,0.10453125
"917",0.0968749999999998,0.1184375,0.1278125
"918",0.1190625,0.10734375,0.0631249999999997
"919",0.0765624999999997,0.0549999999999997,0.1115625
"920",0.0884374999999998,0.0834374999999997,0.0767187499999997
"921",0.0920312499999998,0.0949999999999998,0.1396875
"922",0.1240625,0.0749999999999997,0.0924999999999997
"923",0.1403125,0.11,0.0714062499999997
"924",0.10875,0.0931249999999997,0.1159375
"925",0.0824999999999997,0.0956249999999998,0.1053125
"926",0.0803124999999997,0.12,0.13875
"927",0.1646875,0.110625,0.0685937499999997
"928",0.0995312499999998,0.10875,0.0993749999999998
"929",0.1025,0.1125,0.12359375
"930",0.124375,0.1371875,0.1040625
"931",0.1025,0.105,0.0840624999999997
"932",0.1109375,0.0968749999999998,0.1171875
"933",0.1853125,0.0887499999999997,0.10375
"934",0.0987499999999998,0.104375,0.0993749999999998
"935",0.12328125,0.11703125,0.0781249999999997
"936",0.1384375,0.0720312499999997,0.10515625
"937",0.0796874999999997,0.129375,0.0837499999999997
"938",0.0814062499999997,0.0734374999999997,0.1075
"939",0.1278125,0.0909374999999998,0.0662499999999997
"940",0.1134375,0.11046875,0.0918749999999997
"941",0.0848437499999997,0.0374999999999997,0.1203125
"942",0.0737499999999997,0.0796874999999997,0.0901562499999997
"943",0.0954687499999997,0.0976562499999998,0.0534374999999997
"944",0.15375,0.0756249999999997,0.10375
"945",0.1253125,0.0742187499999997,0.1065625
"946",0.109375,0.0621874999999997,0.0768749999999997
"947",0.10046875,0.0979687499999997,0.10875
"948",0.12140625,0.10328125,0.0760937499999997
"949",0.11375,0.109375,0.1053125
"950",0.0653124999999997,0.0949999999999998,0.0806249999999997
"951",0.125,0.1175,0.0671874999999997
"952",0.0874999999999997,0.0781249999999997,0.104375
"953",0.0446874999999997,0.0799999999999997,0.125625
"954",0.0631249999999997,0.10140625,0.0584374999999997
"955",0.1009375,0.0728124999999997,0.0953124999999997
"956",0.0521874999999997,0.0765624999999997,0.0837499999999997
"957",0.15625,0.0774999999999997,0.1184375
"958",0.0520312499999997,0.0806249999999997,0.135
"959",0.135625,0.106875,0.0912499999999997
"960",0.0784374999999997,0.0924999999999997,0.0932812499999998
"961",0.144375,0.0753124999999997,0.0829687499999997
"962",0.0893749999999997,0.0839062499999997,0.1021875
"963",0.12375,0.0843749999999997,0.10125
"964",0.0909374999999998,0.0628124999999997,0.0849999999999997
"965",0.11875,0.0821874999999997,0.10421875
"966",0.0668749999999997,0.1078125,0.0834374999999997
"967",0.125625,0.1025,0.0974999999999998
"968",0.1053125,0.0946874999999998,0.1125
"969",0.1203125,0.0681249999999997,0.0871874999999998
"970",0.1203125,0.1059375,0.115
"971",0.134375,0.12140625,0.0753124999999997
"972",0.0587499999999997,0.0770312499999997,0.11171875
"973",0.0537499999999997,0.125,0.101875
"974",0.200625,0.0659374999999997,0.1140625
"975",0.1434375,0.10125,0.0768749999999997
"976",0.0489062499999997,0.0718749999999997,0.0823437499999997
"977",0.104375,0.0874999999999997,0.0849999999999997
"978",0.168125,0.111875,0.0843749999999997
"979",0.0978124999999997,0.0943749999999998,0.11375
"980",0.14234375,0.0871874999999998,0.0799999999999997
"981",0.1328125,0.123125,0.0974999999999998
"982",0.1715625,0.0934374999999998,0.0968749999999998
"983",0.1134375,0.0834374999999997,0.1234375
"984",0.1153125,0.0912499999999997,0.10625
"985",0.0503124999999997,0.1240625,0.11296875
"986",0.1396875,0.0959374999999998,0.0920312499999998
"987",0.10125,0.1625,0.0749999999999997
"988",0.0921874999999998,0.113125,0.0906249999999997
"989",0.10125,0.0654687499999997,0.1140625
"990",0.1425,0.0890624999999997,0.115
"991",0.0926562499999997,0.0681249999999997,0.0993749999999998
"992",0.12125,0.0834374999999997,0.119375
"993",0.0681249999999997,0.1103125,0.0803124999999997
"994",0.11125,0.0895312499999998,0.1125
"995",0.0931249999999997,0.1040625,0.0899999999999997
"996",0.113125,0.0848437499999997,0.125
"997",0.16375,0.0987499999999998,0.1109375
"998",0.110625,0.0815624999999997,0.1203125
"999",0.190625,0.1165625,0.12390625
"1000",0.1209375,0.1003125,0.0831249999999997
"1001",0.138125,0.0906249999999997,0.0881249999999997
"1002",0.11234375,0.0696874999999997,0.0931249999999997
"1003",0.12046875,0.10359375,0.0826562499999997
"1004",0.10453125,0.10046875,0.10125
"1005",0.0762499999999997,0.1109375,0.0871874999999998
"1006",0.11328125,0.1015625,0.0571874999999997
"1007",0.0287499999999997,0.13,0.0815624999999997
"1008",0.12546875,0.0924999999999997,0.0868749999999997
"1009",0.0703124999999997,0.1209375,0.0924999999999997
"1010",0.1796875,0.0937499999999998,0.0921874999999998
"1011",0.1184375,0.12015625,0.0989062499999998
"1012",0.1121875,0.131875,0.0979687499999997
"1013",0.14625,0.0501562499999997,0.0768749999999997
"1014",0.0478124999999997,0.12,0.0999999999999998
"1015",0.0809374999999997,0.0684374999999997,0.0449999999999997
"1016",0.0924999999999997,0.10375,0.0974999999999998
"1017",0.0684374999999997,0.1184375,0.1053125
"1018",0.1496875,0.134375,0.0781249999999997
"1019",0.0906249999999997,0.13125,0.1384375
"1020",0.1103125,0.0712499999999997,0.109375
"1021",0.20625,0.0701562499999997,0.0856249999999997
"1022",0.0853124999999997,0.104375,0.0771874999999997
"1023",0.13640625,0.0928124999999997,0.0853124999999997
"1024",0.104375,0.145625,0.0745312499999997
"1025",0.0874999999999997,0.1234375,0.0999999999999998
"1026",0.0887499999999997,0.11,0.0762499999999997
"1027",0.12515625,0.0556249999999997,0.0754687499999997
"1028",0.0846874999999997,0.11578125,0.121875
"1029",0.0837499999999997,0.0784374999999997,0.103125
"1030",0.119375,0.11625,0.0821874999999997
"1031",0.0979687499999997,0.0968749999999998,0.11265625
"1032",0.1046875,0.126875,0.0531249999999997
"1033",0.1171875,0.12125,0.1209375
"1034",0.0757812499999997,0.0542187499999997,0.11765625
"1035",0.0812499999999997,0.0943749999999998,0.101875
"1036",0.0924999999999997,0.0656249999999997,0.113125
"1037",0.1159375,0.109375,0.0764062499999997
"1038",0.1075,0.0949999999999998,0.0865624999999997
"1039",0.0599999999999997,0.0756249999999997,0.1275
"1040",0.0839062499999997,0.1196875,0.0796874999999997
"1041",0.0862499999999997,0.0909374999999998,0.0981249999999998
"1042",0.119375,0.125625,0.1203125
"1043",0.0765624999999997,0.0798437499999997,0.126875
"1044",0.0621874999999997,0.0884374999999998,0.10828125
"1045",0.0901562499999997,0.0774999999999997,0.0843749999999997
"1046",0.1475,0.10734375,0.0807812499999997
"1047",0.0815624999999997,0.0718749999999997,0.13578125
"1048",0.0974999999999998,0.0873437499999997,0.0959374999999998
"1049",0.0693749999999997,0.0842187499999997,0.0899999999999997
"1050",0.13625,0.103125,0.0743749999999997
"1051",0.0526562499999997,0.0581249999999997,0.0737499999999997
"1052",0.0635937499999997,0.1434375,0.1259375
"1053",0.0895312499999998,0.0721874999999997,0.0793749999999997
"1054",0.1359375,0.0974999999999998,0.14296875
"1055",0.105625,0.10546875,0.0796874999999997
"1056",0.0934374999999998,0.1175,0.1075
"1057",0.0753124999999997,0.115,0.125625
"1058",0.0540624999999997,0.0549999999999997,0.0815624999999997
"1059",0.13046875,0.104375,0.1071875
"1060",0.10625,0.165625,0.1165625
"1061",0.12625,0.0884374999999998,0.0756249999999997
"1062",0.0343749999999997,0.105,0.0759374999999997
"1063",0.13,0.0837499999999997,0.1328125
"1064",0.15,0.0943749999999998,0.1159375
"1065",0.1646875,0.1046875,0.0490624999999997
"1066",0.0999999999999998,0.0946874999999998,0.0831249999999997
"1067",0.0621874999999997,0.0790624999999997,0.0843749999999997
"1068",0.0656249999999997,0.1575,0.10734375
"1069",0.0715624999999997,0.0849999999999997,0.1071875
"1070",0.0799999999999997,0.0937499999999998,0.1009375
"1071",0.1325,0.0810937499999997,0.0990624999999997
"1072",0.0603124999999997,0.0837499999999997,0.1065625
"1073",0.13859375,0.11046875,0.0698437499999997
"1074",0.14234375,0.0924999999999997,0.0945312499999998
"1075",0.0910937499999998,0.1075,0.0715624999999997
"1076",0.0381249999999997,0.0931249999999997,0.0831249999999997
"1077",4.88281249966694e-06,0.1103125,0.0734374999999997
"1078",0.13,0.1090625,0.1203125
"1079",0.0974999999999998,0.12484375,0.12609375
"1080",0.0709374999999997,0.131875,0.133125
"1081",0.1484375,0.0693749999999997,0.0670312499999997
"1082",0.1178125,0.0962499999999998,0.155
"1083",0.13265625,0.0539062499999997,0.0953124999999997
"1084",0.0756249999999997,0.0368749999999997,0.0835937499999997
"1085",0.0824999999999997,0.0806249999999997,0.128125
"1086",0.13796875,0.0724999999999997,0.129375
"1087",0.13484375,0.1046875,0.0984374999999998
"1088",0.1403125,0.1296875,0.164375
"1089",0.0853124999999997,0.103125,0.0778124999999997
"1090",0.0996874999999998,0.0956249999999998,0.1271875
"1091",0.1621875,0.0684374999999997,0.105
"1092",0.1275,0.0687499999999997,0.11125
"1093",0.0739062499999997,0.130625,0.0784374999999997
"1094",0.0759374999999997,0.0909374999999998,0.0551562499999997
"1095",0.0829687499999997,0.0990624999999997,0.0837499999999997
"1096",0.1025,0.10359375,0.1075
"1097",0.10234375,0.13125,0.1021875
"1098",0.0774999999999997,0.0828124999999997,0.12984375
"1099",0.0765624999999997,0.0817187499999997,0.0659374999999997
"1100",0.1421875,0.0974999999999998,0.0998437499999998
"1101",0.1190625,0.10375,0.1271875
"1102",0.11453125,0.15,0.11875
"1103",0.0662499999999997,0.11484375,0.0799999999999997
"1104",0.1115625,0.0465624999999997,0.0987499999999998
"1105",0.0962499999999998,0.1134375,0.106875
"1106",0.0937499999999998,0.10296875,0.0714062499999997
"1107",0.0821874999999997,0.0818749999999997,0.0784374999999997
"1108",0.0949999999999998,0.0803124999999997,0.129375
"1109",0.123125,0.115625,0.11875
"1110",0.110625,0.0893749999999997,0.0790624999999997
"1111",0.0949999999999998,0.105,0.1415625
"1112",0.0949999999999998,0.0712499999999997,0.0664062499999997
"1113",0.1196875,0.0762499999999997,0.0371874999999997
"1114",0.0817187499999997,0.1021875,0.0707812499999997
"1115",0.134375,0.0776562499999997,0.0799999999999997
"1116",0.0971874999999998,0.1359375,0.0721874999999997
"1117",0.0928124999999997,0.0720312499999997,0.1021875
"1118",0.10390625,0.0940624999999997,0.0896874999999998
"1119",0.13375,0.0931249999999997,0.11796875
"1120",0.0834374999999997,0.0720312499999997,0.0906249999999997
"1121",0.0612499999999997,0.109375,0.1215625
"1122",0.0581249999999997,0.0656249999999997,0.125625
"1123",0.0937499999999998,0.0856249999999997,0.0824999999999997
"1124",0.0928124999999997,0.10875,0.1359375
"1125",0.0732812499999997,0.13421875,0.100625
"1126",0.1115625,0.0809374999999997,0.1209375
"1127",0.16125,0.104375,0.0699999999999997
"1128",0.208125,0.1465625,0.0693749999999997
"1129",0.0845312499999998,0.11953125,0.1253125
"1130",0.0909374999999998,0.0953124999999997,0.0981249999999998
"1131",0.0864062499999997,0.1065625,0.11609375
"1132",0.0926562499999997,0.1146875,0.12875
"1133",0.0899999999999997,0.0521874999999997,0.10265625
"1134",0.0890624999999997,0.1265625,0.109375
"1135",0.0934374999999998,0.0928124999999997,0.0946874999999998
"1136",0.0262499999999997,0.0499999999999997,0.0937499999999998
"1137",0.0868749999999997,0.0896874999999998,0.0767187499999997
"1138",0.0840624999999997,0.0787499999999997,0.0974999999999998
"1139",0.184375,0.0739062499999997,0.0962499999999998
"1140",0.0481249999999997,0.120625,0.11875
"1141",0.12203125,0.109375,0.121875
"1142",0.13125,0.1209375,0.0898437499999998
"1143",0.0882812499999998,0.0899999999999997,0.0906249999999997
"1144",0.0587499999999997,0.0774999999999997,0.141875
"1145",0.150625,0.0931249999999997,0.0987499999999998
"1146",0.0757812499999997,0.0673437499999997,0.1040625
"1147",0.0999999999999998,0.11375,0.10875
"1148",0.0631249999999997,0.0754687499999997,0.13
"1149",0.0809374999999997,0.0971874999999998,0.1159375
"1150",0.1125,0.0898437499999998,0.10546875
"1151",0.0604687499999997,0.0681249999999997,0.0849999999999997
"1152",0.0653124999999997,0.0837499999999997,0.0909374999999998
"1153",0.0996874999999998,0.0646874999999997,0.1078125
"1154",0.120625,0.0999999999999998,0.111875
"1155",0.1121875,0.10125,0.11625
"1156",0.1065625,0.138125,0.1071875
"1157",0.10703125,0.0599999999999997,0.0779687499999997
"1158",0.0523437499999997,0.0659374999999997,0.140625
"1159",0.0981249999999998,0.10109375,0.0885937499999997
"1160",0.0654687499999997,0.0606249999999997,0.0843749999999997
"1161",0.10484375,0.0968749999999998,0.0884374999999998
"1162",0.0887499999999997,0.0946874999999998,0.0862499999999997
"1163",0.11515625,0.1353125,0.0606249999999997
"1164",0.0793749999999997,0.11515625,0.0906249999999997
"1165",0.0134374999999997,0.0995312499999998,0.0651562499999997
"1166",0.0665624999999997,0.0999999999999998,0.13375
"1167",0.0818749999999997,0.10671875,0.0849999999999997
"1168",0.1109375,0.1096875,0.1325
"1169",0.14875,0.1284375,0.0940624999999997
"1170",0.10109375,0.11078125,0.115
"1171",0.0981249999999998,0.0731249999999997,0.0787499999999997
"1172",0.0821874999999997,0.1090625,0.0831249999999997
"1173",0.0859374999999998,0.148125,0.0959374999999998
"1174",0.0181249999999997,0.12,0.0993749999999998
"1175",0.1346875,0.0578124999999997,0.0884374999999998
"1176",0.1325,0.101875,0.0906249999999997
"1177",0.0995312499999998,0.0728124999999997,0.0737499999999997
"1178",0.1771875,0.1153125,0.11375
"1179",0.0537499999999997,0.0979687499999997,0.1325
"1180",2.44140624966694e-06,0.0912499999999997,0.0737499999999997
"1181",0.1428125,0.0981249999999998,0.1225
"1182",0.1059375,0.0849999999999997,0.10875
"1183",0.0678124999999997,0.11828125,0.1084375
"1184",0.1290625,0.13421875,0.1515625
"1185",0.1240625,0.0992187499999997,0.10984375
"1186",0.0699999999999997,0.11875,0.110625
"1187",0.128125,0.1265625,0.0904687499999997
"1188",0.1203125,0.0940624999999997,0.12265625
"1189",0.0426562499999997,0.0868749999999997,0.0939062499999997
"1190",0.115,0.121875,0.105
"1191",0.104375,0.12921875,0.0953124999999997
"1192",0.0679687499999997,0.115,0.1034375
"1193",0.10640625,0.0860937499999997,0.0695312499999997
"1194",0.0812499999999997,0.0884374999999998,0.0903124999999997
"1195",0.103125,0.0928124999999997,0.105
"1196",0.12796875,0.0737499999999997,0.134375
"1197",0.133125,0.0985937499999998,0.11625
"1198",0.0649999999999997,0.15625,0.14875
"1199",0.10109375,0.120625,0.0953124999999997
"1200",0.1234375,0.121875,0.109375
"1201",0.108125,0.12,0.0981249999999998
"1202",0.13890625,0.123125,0.1021875
"1203",0.139375,0.10359375,0.1009375
"1204",0.120625,0.1134375,0.0964062499999997
"1205",0.12953125,0.1271875,0.1178125
"1206",0.1284375,0.10984375,0.0728124999999997
"1207",0.10828125,0.0874999999999997,0.105
"1208",0.0839062499999997,0.10625,0.103125
"1209",0.1034375,0.1275,0.1065625
"1210",0.119375,0.0903124999999997,0.0787499999999997
"1211",0.0967187499999997,0.0820312499999998,0.0724999999999997
"1212",0.110625,0.0934374999999998,0.0837499999999997
"1213",0.0662499999999997,0.0971874999999998,0.0768749999999997
"1214",0.114375,0.0868749999999997,0.0984374999999998
"1215",0.1325,0.0915624999999997,0.0909374999999998
"1216",0.11625,0.0918749999999997,0.110625
"1217",0.12125,0.15375,0.1046875
"1218",0.100625,0.10671875,0.13046875
"1219",0.1428125,0.14265625,0.0843749999999997
"1220",0.0962499999999998,0.1353125,0.0717187499999997
"1221",0.1128125,0.0737499999999997,0.1003125
"1222",0.0945312499999998,0.0981249999999998,0.1084375
"1223",0.1575,0.111875,0.14078125
"1224",0.15125,0.0837499999999997,0.0903124999999997
"1225",0.0712499999999997,0.1084375,0.1125
"1226",0.11,0.0787499999999997,0.0743749999999997
"1227",0.1075,0.135625,0.0879687499999997
"1228",0.0574999999999997,0.1078125,0.1159375
"1229",0.1071875,0.1025,0.0917187499999997
"1230",0.0974999999999998,0.10625,0.1009375
"1231",0.0599999999999997,0.1215625,0.139375
"1232",0.0981249999999998,0.0793749999999997,0.1265625
"1233",0.116875,0.1009375,0.116875
"1234",0.0840624999999997,0.0771874999999997,0.0712499999999997
"1235",0.11453125,0.118125,0.0732812499999997
"1236",0.0721874999999997,0.0948437499999998,0.1003125
"1237",0.1021875,0.0932812499999998,0.106875
"1238",0.0818749999999997,0.0684374999999997,0.0928124999999997
"1239",0.0699999999999997,0.1140625,0.11375
"1240",0.0862499999999997,0.0685937499999997,0.0934374999999998
"1241",0.0707812499999997,0.1075,0.0859374999999998
"1242",0.128125,0.1065625,0.0981249999999998
"1243",0.0584374999999997,0.116875,0.1171875
"1244",0.0984374999999998,0.118125,0.124375
"1245",0.0996874999999998,0.1290625,0.1059375
"1246",0.0903124999999997,0.0792187499999997,0.1075
"1247",0.0743749999999997,0.0578124999999997,0.0599999999999997
"1248",0.136875,0.104375,0.0895312499999998
"1249",0.0559374999999997,0.0853124999999997,0.1028125
"1250",0.1125,0.1096875,0.0989062499999998
"1251",0.0921874999999998,0.120625,0.12765625
"1252",0.109375,0.1084375,0.0956249999999998
"1253",0.0987499999999998,0.1453125,0.0662499999999997
"1254",0.0653124999999997,0.0703124999999997,0.1009375
"1255",0.0524999999999997,0.125625,0.0792187499999997
"1256",0.10375,0.1103125,0.0593749999999997
"1257",0.12,0.1271875,0.0784374999999997
"1258",0.0884374999999998,0.11359375,0.0920312499999998
"1259",0.0378124999999997,0.0965624999999997,0.118125
"1260",0.17125,0.1071875,0.0843749999999997
"1261",0.15375,0.1015625,0.0959374999999998
"1262",0.0637499999999997,0.0681249999999997,0.0990624999999997
"1263",0.101875,0.0495312499999997,0.0828124999999997
"1264",0.0640624999999997,0.0715624999999997,0.0849999999999997
"1265",0.1078125,0.12359375,0.0953124999999997
"1266",0.0931249999999997,0.14875,0.1328125
"1267",0.0881249999999997,0.13640625,0.0795312499999997
"1268",0.1534375,0.105625,0.0843749999999997
"1269",0.1040625,0.0984374999999998,0.11375
"1270",0.1525,0.0993749999999998,0.0949999999999998
"1271",0.0807812499999997,0.12375,0.0851562499999997
"1272",0.0912499999999997,0.0995312499999998,0.10125
"1273",0.1075,0.0909374999999998,0.1140625
"1274",0.0643749999999997,0.0884374999999998,0.12
"1275",0.0889062499999997,0.1353125,0.0670312499999997
"1276",0.1375,0.10625,0.101875
"1277",0.13984375,0.14984375,0.0982812499999998
"1278",0.1053125,0.0668749999999997,0.103125
"1279",0.0717187499999997,0.0807812499999997,0.0915624999999997
"1280",0.19265625,0.0821874999999997,0.0753124999999997
"1281",0.0542187499999997,0.0790624999999997,0.1334375
"1282",0.0651562499999997,0.0882812499999998,0.0856249999999997
"1283",0.0874999999999997,0.0714062499999997,0.0796874999999997
"1284",0.13375,0.0889062499999997,0.0831249999999997
"1285",0.0534374999999997,0.0937499999999998,0.12625
"1286",0.1078125,0.11890625,0.11
"1287",0.10515625,0.12453125,0.0793749999999997
"1288",0.0624999999999997,0.0739062499999997,0.0921874999999998
"1289",0.0868749999999997,0.0815624999999997,0.1140625
"1290",0.0312499999999997,0.1009375,0.1025
"1291",0.0824999999999997,0.1015625,0.125625
"1292",0.1159375,0.0932812499999998,0.1103125
"1293",0.148125,0.1025,0.0734374999999997
"1294",0.13625,0.12,0.11671875
"1295",0.0860937499999997,0.1225,0.0810937499999997
"1296",0.1025,0.0846874999999997,0.109375
"1297",0.1340625,0.1021875,0.10484375
"1298",0.16953125,0.13,0.160625
"1299",0.1684375,0.0984374999999998,0.0887499999999997
"1300",0.0431249999999997,0.12234375,0.1165625
"1301",0.1065625,0.0770312499999997,0.0924999999999997
"1302",0.101875,0.1071875,0.11015625
"1303",0.0476562499999997,0.1396875,0.0837499999999997
"1304",0.0934374999999998,0.160625,0.1525
"1305",0.0809374999999997,0.0715624999999997,0.0949999999999998
"1306",0.0868749999999997,0.0960937499999998,0.1271875
"1307",0.0396874999999997,0.0587499999999997,0.0848437499999997
"1308",0.0887499999999997,0.0871874999999998,0.0778124999999997
"1309",0.0778124999999997,0.130625,0.0990624999999997
"1310",0.0340624999999997,0.10625,0.0753124999999997
"1311",0.0631249999999997,0.105625,0.105625
"1312",0.1296875,0.0762499999999997,0.10828125
"1313",0.121875,0.0818749999999997,0.0971874999999998
"1314",0.0540624999999997,0.101875,0.0949999999999998
"1315",0.1540625,0.0832812499999998,0.0785937499999997
"1316",0.0685937499999997,0.0898437499999998,0.1334375
"1317",0.17625,0.12734375,0.109375
"1318",0.10671875,0.103125,0.1046875
"1319",0.143125,0.13234375,0.0940624999999997
"1320",0.1071875,0.1375,0.0765624999999997
"1321",0.1296875,0.0774999999999997,0.0867187499999997
"1322",0.128125,0.0492187499999997,0.11875
"1323",0.0448437499999997,0.0774999999999997,0.0799999999999997
"1324",0.128125,0.0945312499999998,0.0949999999999998
"1325",0.0639062499999997,0.0756249999999997,0.0709374999999997
"1326",0.0646874999999997,0.1440625,0.0937499999999998
"1327",0.0687499999999997,0.1353125,0.0571874999999997
"1328",0.0495312499999997,0.1103125,0.1021875
"1329",0.0962499999999998,0.104375,0.0878124999999997
"1330",0.1265625,0.1225,0.0915624999999997
"1331",0.11375,0.0943749999999998,0.0978124999999997
"1332",0.0546874999999997,0.0817187499999997,0.1034375
"1333",0.0903124999999997,0.0999999999999998,0.0965624999999997
"1334",0.1115625,0.1025,0.0629687499999997
"1335",0.1178125,0.104375,0.0770312499999997
"1336",0.0978124999999997,0.1209375,0.0806249999999997
"1337",0.0907812499999998,0.1134375,0.1253125
"1338",0.0965624999999997,0.14109375,0.0889062499999997
"1339",0.0637499999999997,0.133125,0.0893749999999997
"1340",0.11875,0.1096875,0.1075
"1341",0.1171875,0.0674999999999997,0.1128125
"1342",0.138125,0.12,0.10125
"1343",0.1134375,0.0399999999999997,0.110625
"1344",0.1259375,0.0824999999999997,0.0968749999999998
"1345",0.1453125,0.0524999999999997,0.0704687499999997
"1346",0.1446875,0.0796874999999997,0.0862499999999997
"1347",0.0712499999999997,0.0932812499999998,0.0884374999999998
"1348",0.100625,0.0693749999999997,0.113125
"1349",0.1003125,0.1015625,0.0940624999999997
"1350",0.105,0.0846874999999997,0.0959374999999998
"1351",0.15796875,0.0846874999999997,0.1128125
"1352",0.1040625,0.0828124999999997,0.11375
"1353",0.0731249999999997,0.0831249999999997,0.0878124999999997
"1354",0.0632812499999997,0.12109375,0.0943749999999998
"1355",0.0934374999999998,0.0735937499999997,0.0912499999999997
"1356",0.0403124999999997,0.0990624999999997,0.0612499999999997
"1357",0.1225,0.1159375,0.1021875
"1358",0.105625,0.0849999999999997,0.0953124999999997
"1359",0.0817187499999997,0.0931249999999997,0.0765624999999997
"1360",0.139375,0.10140625,0.10125
"1361",0.0299999999999997,0.0842187499999997,0.0999999999999998
"1362",0.135625,0.1065625,0.10640625
"1363",0.15125,0.0968749999999998,0.1171875
"1364",0.11546875,0.11375,0.10375
"1365",0.0896874999999998,0.12625,0.0856249999999997
"1366",0.12359375,0.1040625,0.0974999999999998
"1367",0.131875,0.0759374999999997,0.1246875
"1368",0.118125,0.0582812499999997,0.0959374999999998
"1369",0.0681249999999997,0.0856249999999997,0.10875
"1370",0.1034375,0.0620312499999997,0.0718749999999997
"1371",0.0640624999999997,0.0726562499999997,0.105
"1372",0.0724999999999997,0.11921875,0.1059375
"1373",0.0989062499999998,0.0834374999999997,0.0756249999999997
"1374",0.0746874999999997,0.0851562499999997,0.0935937499999998
"1375",0.14125,0.1365625,0.12859375
"1376",0.0545312499999997,0.0787499999999997,0.0818749999999997
"1377",0.10625,0.0893749999999997,0.0948437499999998
"1378",0.0906249999999997,0.124375,0.10921875
"1379",0.0857812499999998,0.0753124999999997,0.1003125
"1380",0.1415625,0.0931249999999997,0.0959374999999998
"1381",0.11328125,0.1059375,0.0956249999999998
"1382",0.10921875,0.12234375,0.11671875
"1383",0.0398437499999997,0.0906249999999997,0.1078125
"1384",0.106875,0.0824999999999997,0.115625
"1385",0.0649999999999997,0.10640625,0.1146875
"1386",0.0565624999999997,0.100625,0.0671874999999997
"1387",0.0615624999999997,0.0864062499999997,0.105
"1388",0.0635937499999997,0.0982812499999998,0.105625
"1389",0.11453125,0.1275,0.0874999999999997
"1390",0.0690624999999997,0.11171875,0.0809374999999997
"1391",0.0832812499999998,0.1471875,0.1228125
"1392",0.118125,0.0707812499999997,0.0965624999999997
"1393",0.165,0.0934374999999998,0.0912499999999997
"1394",0.0768749999999997,0.0821874999999997,0.1146875
"1395",0.0731249999999997,0.124375,0.1065625
"1396",0.14859375,0.0606249999999997,0.1415625
"1397",0.0646874999999997,0.0756249999999997,0.0774999999999997
"1398",0.0601562499999997,0.0996874999999998,0.10109375
"1399",0.1246875,0.10203125,0.115625
"1400",0.0423437499999997,0.0442187499999997,0.1109375
"1401",0.0853124999999997,0.0874999999999997,0.0740624999999997
"1402",0.131875,0.0887499999999997,0.0837499999999997
"1403",0.1415625,0.0896874999999998,0.1025
"1404",0.0748437499999997,0.0776562499999997,0.0843749999999997
"1405",0.0378124999999997,0.0446874999999997,0.0971874999999998
"1406",0.1090625,0.111875,0.0793749999999997
"1407",0.12875,0.10234375,0.1425
"1408",0.0781249999999997,0.1290625,0.0934374999999998
"1409",0.1271875,0.1128125,0.10796875
"1410",0.1125,0.1103125,0.0762499999999997
"1411",0.125,0.0934374999999998,0.0853124999999997
"1412",0.155,0.138125,0.0862499999999997
"1413",0.1025,0.0939062499999997,0.118125
"1414",0.0499999999999997,0.1246875,0.10234375
"1415",0.0668749999999997,0.128125,0.0999999999999998
"1416",0.1434375,0.0903124999999997,0.1309375
"1417",0.0618749999999997,0.1309375,0.0960937499999998
"1418",0.11546875,0.0792187499999997,0.0942187499999997
"1419",0.1025,0.14609375,0.10953125
"1420",0.0540624999999997,0.0865624999999997,0.11125
"1421",0.0524999999999997,0.0981249999999998,0.1109375
"1422",0.0753124999999997,0.110625,0.1065625
"1423",0.0699999999999997,0.1209375,0.1065625
"1424",0.0774999999999997,0.0468749999999997,0.0962499999999998
"1425",0.1065625,0.0949999999999998,0.0892187499999997
"1426",0.0709374999999997,0.10953125,0.0893749999999997
"1427",0.116875,0.1128125,0.1109375
"1428",0.145,0.1003125,0.1090625
"1429",0.0837499999999997,0.0646874999999997,0.0906249999999997
"1430",0.0764062499999997,0.1171875,0.10125
"1431",0.0987499999999998,0.1328125,0.11984375
"1432",0.0485937499999997,0.104375,0.1053125
"1433",0.144375,0.0910937499999998,0.0596874999999997
"1434",0.10140625,0.141875,0.10734375
"1435",0.13421875,0.11375,0.1190625
"1436",0.1271875,0.1325,0.1096875
"1437",0.1003125,0.0787499999999997,0.11875
"1438",0.0987499999999998,0.0659374999999997,0.1109375
"1439",0.1003125,0.0731249999999997,0.12859375
"1440",0.1315625,0.0687499999999997,0.1325
"1441",0.17734375,0.109375,0.0820312499999998
"1442",0.135625,0.1184375,0.10875
"1443",0.136875,0.0424999999999997,0.11390625
"1444",0.0993749999999998,0.0628124999999997,0.1109375
"1445",0.0512499999999997,0.0943749999999998,0.0937499999999998
"1446",0.0706249999999997,0.0843749999999997,0.0940624999999997
"1447",0.0915624999999997,0.1453125,0.115625
"1448",0.0924999999999997,0.10546875,0.13375
"1449",0.11984375,0.10671875,0.121875
"1450",0.0743749999999997,0.1003125,0.120625
"1451",0.125,0.1278125,0.0799999999999997
"1452",0.0978124999999997,0.0849999999999997,0.1046875
"1453",0.0828124999999997,0.0684374999999997,0.0849999999999997
"1454",0.0496874999999997,0.10796875,0.0934374999999998
"1455",0.0364062499999997,0.1209375,0.12203125
"1456",0.0937499999999998,0.10875,0.0959374999999998
"1457",0.101875,0.111875,0.1075
"1458",0.0654687499999997,0.0867187499999997,0.0679687499999997
"1459",0.0946874999999998,0.10203125,0.12703125
"1460",0.1128125,0.0978124999999997,0.0653124999999997
"1461",0.0968749999999998,0.119375,0.11140625
"1462",0.125625,0.0776562499999997,0.0621874999999997
"1463",0.0665624999999997,0.0701562499999997,0.0962499999999998
"1464",0.0937499999999998,0.1153125,0.0712499999999997
"1465",0.0515624999999997,0.125625,0.0812499999999997
"1466",0.0999999999999998,0.0778124999999997,0.145
"1467",0.0906249999999997,0.0793749999999997,0.103125
"1468",0.11375,0.0787499999999997,0.1065625
"1469",0.0987499999999998,0.0896874999999998,0.104375
"1470",0.1346875,0.124375,0.1065625
"1471",0.10125,0.10828125,0.1134375
"1472",0.0729687499999997,0.0817187499999997,0.0596874999999997
"1473",0.0765624999999997,0.10734375,0.0879687499999997
"1474",0.0731249999999997,0.1315625,0.0862499999999997
"1475",0.0612499999999997,0.13265625,0.12125
"1476",0.14203125,0.0840624999999997,0.0824999999999997
"1477",0.0899999999999997,0.0809374999999997,0.0837499999999997
"1478",0.0448437499999997,0.0890624999999997,0.0821874999999997
"1479",0.1396875,0.0956249999999998,0.0818749999999997
"1480",0.0443749999999997,0.10375,0.0949999999999998
"1481",0.103125,0.0853124999999997,0.0774999999999997
"1482",0.1146875,0.0895312499999998,0.0953124999999997
"1483",0.1371875,0.0665624999999997,0.0721874999999997
"1484",0.103125,0.1334375,0.1128125
"1485",0.0634374999999997,0.0893749999999997,0.11125
"1486",0.0739062499999997,0.0799999999999997,0.10546875
"1487",0.14625,0.0712499999999997,0.1065625
"1488",0.1846875,0.111875,0.0753124999999997
"1489",0.0942187499999997,0.0665624999999997,0.11125
"1490",0.11671875,0.12625,0.0993749999999998
"1491",0.11,0.0803124999999997,0.0734374999999997
"1492",0.1078125,0.10265625,0.0734374999999997
"1493",0.15625,0.116875,0.0751562499999997
"1494",0.0835937499999997,0.0943749999999998,0.0698437499999997
"1495",0.1125,0.0821874999999997,0.105625
"1496",0.11953125,0.0584374999999997,0.114375
"1497",0.1203125,0.0462499999999997,0.128125
"1498",0.13953125,0.14125,0.1103125
"1499",0.11109375,0.1128125,0.1115625
"1500",0.1734375,0.1075,0.10625
"1501",0.0542187499999997,0.0851562499999997,0.1046875
"1502",0.108125,0.0928124999999997,0.0937499999999998
"1503",0.0840624999999997,0.11625,0.11
"1504",0.1146875,0.121875,0.0884374999999998
"1505",0.0131249999999997,0.0649999999999997,0.104375
"1506",0.0853124999999997,0.1309375,0.0993749999999998
"1507",0.10375,0.1028125,0.0887499999999997
"1508",0.0856249999999997,0.10265625,0.0862499999999997
"1509",0.1434375,0.116875,0.0687499999999997
"1510",0.0671874999999997,0.0784374999999997,0.1184375
"1511",0.1371875,0.0871874999999998,0.1196875
"1512",0.10875,0.11375,0.118125
"1513",0.1765625,0.1065625,0.0906249999999997
"1514",0.0921874999999998,0.1103125,0.0781249999999997
"1515",0.0810937499999997,0.114375,0.114375
"1516",0.0946874999999998,0.108125,0.0999999999999998
"1517",0.0956249999999998,0.1265625,0.0715624999999997
"1518",0.0981249999999998,0.0926562499999997,0.148125
"1519",0.0793749999999997,0.0803124999999997,0.135
"1520",0.0989062499999998,0.0812499999999997,0.0687499999999997
"1521",0.1025,0.0565624999999997,0.0762499999999997
"1522",0.0337499999999997,0.0818749999999997,0.1053125
"1523",0.1403125,0.1021875,0.1278125
"1524",0.12390625,0.0609374999999997,0.12015625
"1525",0.0924999999999997,0.130625,0.0767187499999997
"1526",0.0974999999999998,0.0756249999999997,0.114375
"1527",0.161875,0.120625,0.0990624999999997
"1528",0.11390625,0.0743749999999997,0.0731249999999997
"1529",0.1315625,0.1575,0.0770312499999997
"1530",0.14046875,0.0593749999999997,0.0742187499999997
"1531",0.0690624999999997,0.12125,0.149375
"1532",0.12890625,0.0849999999999997,0.13
"1533",0.1165625,0.0481249999999997,0.0937499999999998
"1534",0.0681249999999997,0.103125,0.125
"1535",0.100625,0.1315625,0.1159375
"1536",0.1540625,0.15046875,0.109375
"1537",0.0756249999999997,0.0846874999999997,0.13125
"1538",0.0837499999999997,0.103125,0.1046875
"1539",0.0792187499999997,0.0874999999999997,0.0715624999999997
"1540",0.0662499999999997,0.0971874999999998,0.1075
"1541",0.0523437499999997,0.0874999999999997,0.1121875
"1542",0.1425,0.115,0.119375
"1543",0.0939062499999997,0.128125,0.11375
"1544",0.0914062499999997,0.0857812499999998,0.0592187499999997
"1545",0.0731249999999997,0.0646874999999997,0.0990624999999997
"1546",0.149375,0.0753124999999997,0.0896874999999998
"1547",0.0709374999999997,0.0637499999999997,0.1278125
"1548",0.0674999999999997,0.0593749999999997,0.1175
"1549",0.0795312499999997,0.0893749999999997,0.123125
"1550",0.133125,0.1040625,0.0778124999999997
"1551",0.0843749999999997,0.0821874999999997,0.0776562499999997
"1552",0.0646874999999997,0.11125,0.146875
"1553",0.1390625,0.1071875,0.0862499999999997
"1554",0.0893749999999997,0.0748437499999997,0.1015625
"1555",0.0437499999999997,0.1359375,0.0926562499999997
"1556",0.12875,0.0840624999999997,0.11265625
"1557",0.1184375,0.1525,0.0981249999999998
"1558",0.135,0.0882812499999998,0.0790624999999997
"1559",0.0315624999999997,0.1278125,0.11546875
"1560",0.11375,0.125,0.1084375
"1561",0.0867187499999997,0.10984375,0.0924999999999997
"1562",0.0699999999999997,0.0765624999999997,0.0779687499999997
"1563",0.105625,0.115,0.0849999999999997
"1564",0.15859375,0.0881249999999997,0.13765625
"1565",0.11984375,0.108125,0.138125
"1566",0.0671874999999997,0.0915624999999997,0.1115625
"1567",0.100625,0.0809374999999997,0.0868749999999997
"1568",0.10625,0.108125,0.12203125
"1569",0.0406249999999997,0.0899999999999997,0.0954687499999997
"1570",0.0857812499999998,0.0918749999999997,0.10265625
"1571",0.155,0.14375,0.1240625
"1572",0.0857812499999998,0.10546875,0.129375
"1573",0.1075,0.0678124999999997,0.0971874999999998
"1574",0.13109375,0.0962499999999998,0.0809374999999997
"1575",0.0799999999999997,0.0956249999999998,0.1446875
"1576",0.0503124999999997,0.1140625,0.0907812499999998
"1577",0.0828124999999997,0.1334375,0.0732812499999997
"1578",0.12625,0.0906249999999997,0.0907812499999998
"1579",0.13,0.1459375,0.1109375
"1580",0.1190625,0.0676562499999997,0.0906249999999997
"1581",0.0778124999999997,0.0990624999999997,0.110625
"1582",0.0762499999999997,0.111875,0.121875
"1583",0.1615625,0.0993749999999998,0.0740624999999997
"1584",0.14875,0.1021875,0.1225
"1585",0.10609375,0.0656249999999997,0.0681249999999997
"1586",0.0906249999999997,0.0799999999999997,0.0876562499999997
"1587",0.0906249999999997,0.0846874999999997,0.0953124999999997
"1588",0.13890625,0.13375,0.11578125
"1589",0.1134375,0.0906249999999997,0.0984374999999998
"1590",0.1146875,0.10640625,0.133125
"1591",0.0968749999999998,0.1053125,0.1040625
"1592",0.0510937499999997,0.105,0.0770312499999997
"1593",0.10921875,0.0993749999999998,0.0865624999999997
"1594",0.13546875,0.1190625,0.0906249999999997
"1595",0.0848437499999997,0.0846874999999997,0.0856249999999997
"1596",0.0281249999999997,0.0681249999999997,0.1025
"1597",0.0992187499999997,0.0618749999999997,0.0503124999999997
"1598",0.126875,0.0987499999999998,0.0912499999999997
"1599",0.12234375,0.0943749999999998,0.0824999999999997
"1600",0.0946874999999998,0.0906249999999997,0.119375
"1601",0.0890624999999997,0.0959374999999998,0.1025
"1602",0.0904687499999997,0.0814062499999997,0.0854687499999997
"1603",0.0949999999999998,0.11875,0.0915624999999997
"1604",0.1028125,0.1340625,0.13875
"1605",0.0409374999999997,0.1125,0.12875
"1606",0.11875,0.11734375,0.0999999999999998
"1607",0.126875,0.0510937499999997,0.10796875
"1608",0.13765625,0.1034375,0.1234375
"1609",0.1240625,0.1184375,0.0617187499999997
"1610",0.0978124999999997,0.0549999999999997,0.0917187499999997
"1611",0.181875,0.0746874999999997,0.0837499999999997
"1612",0.0770312499999997,0.115625,0.1146875
"1613",0.1175,0.11015625,0.10546875
"1614",0.0846874999999997,0.0965624999999997,0.10875
"1615",0.12515625,0.1046875,0.10828125
"1616",0.1353125,0.0984374999999998,0.0824999999999997
"1617",0.1434375,0.11390625,0.0896874999999998
"1618",0.1340625,0.11875,0.114375
"1619",0.0981249999999998,0.0453124999999997,0.1059375
"1620",0.11875,0.108125,0.130625
"1621",0.0799999999999997,0.0768749999999997,0.1415625
"1622",0.0831249999999997,0.116875,0.1253125
"1623",0.0815624999999997,0.0668749999999997,0.0867187499999997
"1624",0.108125,0.0737499999999997,0.1134375
"1625",0.0862499999999997,0.1084375,0.0868749999999997
"1626",0.0737499999999997,0.0765624999999997,0.0859374999999998
"1627",0.14140625,0.0796874999999997,0.114375
"1628",0.0562499999999997,0.1009375,0.0990624999999997
"1629",0.0948437499999998,0.1359375,0.0917187499999997
"1630",0.0584374999999997,0.0962499999999998,0.11125
"1631",0.10078125,0.1265625,0.0637499999999997
"1632",0.0829687499999997,0.0965624999999997,0.11625
"1633",0.0457812499999997,0.0548437499999997,0.101875
"1634",0.0774999999999997,0.0868749999999997,0.0917187499999997
"1635",0.0759374999999997,0.0990624999999997,0.100625
"1636",0.1365625,0.125,0.1071875
"1637",0.129375,0.0981249999999998,0.0949999999999998
"1638",0.0792187499999997,0.0999999999999998,0.1365625
"1639",0.0187499999999997,0.1278125,0.0839062499999997
"1640",0.0618749999999997,0.0946874999999998,0.1109375
"1641",0.114375,0.10203125,0.12875
"1642",0.0581249999999997,0.11046875,0.10125
"1643",0.0926562499999997,0.1178125,0.0987499999999998
"1644",0.1125,0.0632812499999997,0.0621874999999997
"1645",0.0918749999999997,0.1065625,0.0814062499999997
"1646",0.0962499999999998,0.1025,0.0943749999999998
"1647",0.118125,0.114375,0.1015625
"1648",0.12703125,0.12875,0.1075
"1649",0.1125,0.1046875,0.13125
"1650",0.10640625,0.1190625,0.1446875
"1651",0.11,0.1084375,0.12375
"1652",0.0956249999999998,0.0768749999999997,0.105
"1653",0.13625,0.0873437499999997,0.0607812499999997
"1654",0.13375,0.1121875,0.0837499999999997
"1655",0.0406249999999997,0.1184375,0.143125
"1656",0.0831249999999997,0.0631249999999997,0.115625
"1657",0.11515625,0.13984375,0.1375
"1658",0.0760937499999997,0.0912499999999997,0.0753124999999997
"1659",0.0614062499999997,0.10875,0.11359375
"1660",0.0965624999999997,0.0843749999999997,0.0924999999999997
"1661",0.10328125,0.0878124999999997,0.0946874999999998
"1662",0.0878124999999997,0.0845312499999998,0.0690624999999997
"1663",0.0765624999999997,0.1153125,0.0692187499999997
"1664",0.1115625,0.0826562499999997,0.1046875
"1665",0.13375,0.12921875,0.1009375
"1666",0.0699999999999997,0.0832812499999998,0.0893749999999997
"1667",0.0949999999999998,0.0960937499999998,0.1078125
"1668",0.0689062499999997,0.0662499999999997,0.1078125
"1669",0.1575,0.0890624999999997,0.1240625
"1670",0.16515625,0.0767187499999997,0.1084375
"1671",0.0707812499999997,0.0881249999999997,0.0867187499999997
"1672",0.118125,0.0799999999999997,0.0815624999999997
"1673",0.0121874999999997,0.0974999999999998,0.0937499999999998
"1674",0.149375,0.14,0.11125
"1675",0.1075,0.11,0.10375
"1676",0.0703124999999997,0.121875,0.1075
"1677",0.1053125,0.0893749999999997,0.0734374999999997
"1678",0.1265625,0.0707812499999997,0.1203125
"1679",0.1503125,0.0874999999999997,0.0753124999999997
"1680",0.0560937499999997,0.0534374999999997,0.11125
"1681",0.0924999999999997,0.1209375,0.0756249999999997
"1682",0.0787499999999997,0.0978124999999997,0.0787499999999997
"1683",0.114375,0.0799999999999997,0.135
"1684",0.0240624999999997,0.128125,0.0603124999999997
"1685",0.1071875,0.0871874999999998,0.1178125
"1686",0.15078125,0.0439062499999997,0.0793749999999997
"1687",0.10171875,0.0584374999999997,0.0967187499999997
"1688",0.103125,0.1109375,0.11046875
"1689",0.0929687499999997,0.0856249999999997,0.1128125
"1690",0.0860937499999997,0.0579687499999997,0.1028125
"1691",0.0643749999999997,0.110625,0.0623437499999997
"1692",0.1125,0.101875,0.0812499999999997
"1693",0.0920312499999998,0.0743749999999997,0.0781249999999997
"1694",0.0937499999999998,0.1128125,0.0774999999999997
"1695",0.0657812499999997,0.1325,0.0934374999999998
"1696",0.11703125,0.0503124999999997,0.0996874999999998
"1697",0.1621875,0.0556249999999997,0.1284375
"1698",0.0487499999999997,0.0890624999999997,0.1325
"1699",0.0962499999999998,0.1325,0.11421875
"1700",0.0762499999999997,0.0707812499999997,0.0946874999999998
"1701",0.1075,0.13015625,0.13328125
"1702",0.0293749999999997,0.105,0.1090625
"1703",0.118125,0.0643749999999997,0.115
"1704",0.0724999999999997,0.0753124999999997,0.0989062499999998
"1705",0.0724999999999997,0.11109375,0.0893749999999997
"1706",0.10546875,0.0468749999999997,0.10640625
"1707",0.0845312499999998,0.1265625,0.128125
"1708",0.1128125,0.0917187499999997,0.0809374999999997
"1709",0.0899999999999997,0.0934374999999998,0.0837499999999997
"1710",0.0874999999999997,0.1434375,0.11125
"1711",0.0620312499999997,0.1053125,0.1096875
"1712",0.0278124999999997,0.1015625,0.106875
"1713",0.11015625,0.0937499999999998,0.11671875
"1714",0.0485937499999997,0.12,0.1046875
"1715",0.0878124999999997,0.0568749999999997,0.13015625
"1716",0.110625,0.1075,0.0834374999999997
"1717",0.0796874999999997,0.0668749999999997,0.0981249999999998
"1718",0.0520312499999997,0.0631249999999997,0.0724999999999997
"1719",0.0681249999999997,0.0828124999999997,0.1165625
"1720",0.0706249999999997,0.0918749999999997,0.1053125
"1721",0.0626562499999997,0.0879687499999997,0.10625
"1722",0.1159375,0.0839062499999997,0.11125
"1723",0.1175,0.1140625,0.0918749999999997
"1724",0.1459375,0.0931249999999997,0.113125
"1725",0.0959374999999998,0.0753124999999997,0.0782812499999997
"1726",0.1325,0.10265625,0.105
"1727",0.0559374999999997,0.0892187499999997,0.0707812499999997
"1728",0.103125,0.0678124999999997,0.0934374999999998
"1729",0.0524999999999997,0.0537499999999997,0.0746874999999997
"1730",0.11109375,0.0821874999999997,0.0910937499999998
"1731",0.104375,0.1175,0.0810937499999997
"1732",0.0946874999999998,0.118125,0.0823437499999997
"1733",0.0765624999999997,0.1278125,0.1290625
"1734",0.0898437499999998,0.1171875,0.0643749999999997
"1735",0.1340625,0.0971874999999998,0.0918749999999997
"1736",0.0882812499999998,0.0707812499999997,0.105
"1737",0.130625,0.120625,0.0999999999999998
"1738",0.0756249999999997,0.128125,0.0928124999999997
"1739",0.1021875,0.1175,0.0684374999999997
"1740",0.133125,0.0471874999999997,0.13515625
"1741",0.10046875,0.10265625,0.0973437499999998
"1742",0.0612499999999997,0.0626562499999997,0.0993749999999998
"1743",0.1025,0.1046875,0.0946874999999998
"1744",0.1553125,0.1109375,0.10671875
"1745",0.11,0.0918749999999997,0.0824999999999997
"1746",0.0818749999999997,0.1121875,0.0840624999999997
"1747",0.0734374999999997,0.121875,0.0912499999999997
"1748",0.1234375,0.0949999999999998,0.1103125
"1749",0.1546875,0.106875,0.0909374999999998
"1750",0.0787499999999997,0.0874999999999997,0.10171875
"1751",0.0567187499999997,0.1453125,0.1275
"1752",0.0296874999999997,0.103125,0.0959374999999998
"1753",0.0843749999999997,0.10015625,0.0799999999999997
"1754",0.0762499999999997,0.1234375,0.11453125
"1755",0.0673437499999997,0.163125,0.0985937499999998
"1756",0.0903124999999997,0.0749999999999997,0.12421875
"1757",0.139375,0.1084375,0.11625
"1758",0.11375,0.0778124999999997,0.1009375
"1759",0.109375,0.0870312499999998,0.1034375
"1760",0.10109375,0.0956249999999998,0.11625
"1761",0.1053125,0.10109375,0.0867187499999997
"1762",0.0885937499999997,0.0949999999999998,0.0731249999999997
"1763",0.0820312499999998,0.0881249999999997,0.0996874999999998
"1764",0.0962499999999998,0.0745312499999997,0.1115625
"1765",0.115,0.12390625,0.10625
"1766",0.1278125,0.111875,0.10625
"1767",0.13,0.0778124999999997,0.0906249999999997
"1768",0.1275,0.0554687499999997,0.1221875
"1769",0.15625,0.10515625,0.111875
"1770",0.0960937499999998,0.104375,0.103125
"1771",0.0553124999999997,0.0784374999999997,0.1028125
"1772",0.0565624999999997,0.0764062499999997,0.0935937499999998
"1773",0.0474999999999997,0.1140625,0.0981249999999998
"1774",0.10625,0.0899999999999997,0.0768749999999997
"1775",0.1128125,0.1140625,0.0699999999999997
"1776",0.118125,0.11,0.1059375
"1777",0.0821874999999997,0.11046875,0.0815624999999997
"1778",0.0743749999999997,0.114375,0.1009375
"1779",0.10875,0.1046875,0.0970312499999998
"1780",0.1240625,0.115,0.0512499999999997
"1781",0.1396875,0.10296875,0.10625
"1782",0.0571874999999997,0.0801562499999997,0.10015625
"1783",0.0637499999999997,0.0898437499999998,0.113125
"1784",0.0889062499999997,0.1128125,0.1253125
"1785",0.1075,0.13125,0.1534375
"1786",0.1025,0.10921875,0.140625
"1787",0.0570312499999997,0.0787499999999997,0.1171875
"1788",0.0921874999999998,0.0921874999999998,0.1040625
"1789",0.1225,0.11171875,0.11015625
"1790",0.0923437499999998,0.104375,0.10203125
"1791",0.0589062499999997,0.0762499999999997,0.0918749999999997
"1792",0.12625,0.1046875,0.10109375
"1793",0.15,0.0968749999999998,0.0951562499999997
"1794",0.0603124999999997,0.0828124999999997,0.0957812499999998
"1795",0.0974999999999998,0.0912499999999997,0.1390625
"1796",0.0420312499999997,0.1046875,0.0699999999999997
"1797",0.103125,0.1246875,0.0984374999999998
"1798",0.1265625,0.10421875,0.11125
"1799",0.0634374999999997,0.0543749999999997,0.10953125
"1800",0.0951562499999997,0.1215625,0.1159375
"1801",0.0834374999999997,0.10140625,0.110625
"1802",0.0665624999999997,0.0731249999999997,0.118125
"1803",0.0868749999999997,0.11875,0.10640625
"1804",0.1090625,0.0757812499999997,0.103125
"1805",0.0434374999999997,0.0729687499999997,0.1215625
"1806",0.0974999999999998,0.0654687499999997,0.10359375
"1807",0.0998437499999998,0.0812499999999997,0.11890625
"1808",0.0953124999999997,0.1196875,0.1059375
"1809",0.131875,0.0846874999999997,0.1059375
"1810",0.0765624999999997,0.10546875,0.0942187499999997
"1811",0.113125,0.0724999999999997,0.0870312499999998
"1812",0.1225,0.10875,0.0965624999999997
"1813",0.1478125,0.10375,0.1140625
"1814",0.1121875,0.0862499999999997,0.0640624999999997
"1815",0.0910937499999998,0.0893749999999997,0.15640625
"1816",0.0728124999999997,0.0824999999999997,0.1046875
"1817",0.0871874999999998,0.110625,0.0812499999999997
"1818",0.0768749999999997,0.1103125,0.100625
"1819",0.146875,0.0770312499999997,0.10484375
"1820",0.106875,0.0749999999999997,0.0906249999999997
"1821",0.0809374999999997,0.0934374999999998,0.0837499999999997
"1822",0.0812499999999997,0.11375,0.0996874999999998
"1823",0.0443749999999997,0.10625,0.0595312499999997
"1824",0.1175,0.0999999999999998,0.119375
"1825",0.10375,0.1046875,0.10125
"1826",0.10296875,0.0765624999999997,0.0728124999999997
"1827",0.0368749999999997,0.0593749999999997,0.12078125
"1828",0.1396875,0.0849999999999997,0.0729687499999997
"1829",0.135625,0.140625,0.1053125
"1830",0.0874999999999997,0.0746874999999997,0.0824999999999997
"1831",0.0440624999999997,0.114375,0.0940624999999997
"1832",0.0735937499999997,0.12,0.0993749999999998
"1833",0.120625,0.1190625,0.10359375
"1834",0.12640625,0.0762499999999997,0.1190625
"1835",0.1046875,0.0793749999999997,0.0849999999999997
"1836",0.1078125,0.0807812499999997,0.1028125
"1837",0.120625,0.106875,0.0881249999999997
"1838",0.1046875,0.1128125,0.0724999999999997
"1839",0.1215625,0.128125,0.0976562499999998
"1840",0.0887499999999997,0.0962499999999998,0.1271875
"1841",0.0937499999999998,0.131875,0.124375
"1842",0.12375,0.0906249999999997,0.0837499999999997
"1843",0.15296875,0.0612499999999997,0.125
"1844",0.0493749999999997,0.0790624999999997,0.0871874999999998
"1845",0.151875,0.0924999999999997,0.105
"1846",0.1434375,0.1059375,0.105
"1847",0.0909374999999998,0.121875,0.0990624999999997
"1848",0.126875,0.0528124999999997,0.1221875
"1849",0.105,0.0949999999999998,0.0998437499999998
"1850",0.1334375,0.129375,0.0785937499999997
"1851",0.144375,0.111875,0.109375
"1852",0.1071875,0.0843749999999997,0.0999999999999998
"1853",0.10671875,0.1315625,0.0860937499999997
"1854",0.0437499999999997,0.12828125,0.1084375
"1855",0.0871874999999998,0.1028125,0.123125
"1856",0.0156249999999997,0.0974999999999998,0.0985937499999998
"1857",0.0868749999999997,0.0881249999999997,0.0815624999999997
"1858",0.1128125,0.0943749999999998,0.0637499999999997
"1859",0.0968749999999998,0.135,0.0806249999999997
"1860",0.0684374999999997,0.0964062499999997,0.10390625
"1861",0.10625,0.113125,0.0965624999999997
"1862",0.0929687499999997,0.0521874999999997,0.0821874999999997
"1863",0.1215625,0.0582812499999997,0.0868749999999997
"1864",0.0753124999999997,0.0631249999999997,0.0915624999999997
"1865",0.1365625,0.0949999999999998,0.0653124999999997
"1866",0.0314062499999997,0.1209375,0.0965624999999997
"1867",0.11671875,0.0545312499999997,0.0784374999999997
"1868",0.1040625,0.1125,0.0743749999999997
"1869",0.11328125,0.0953124999999997,0.1140625
"1870",0.0914062499999997,0.1003125,0.10625
"1871",0.1371875,0.11328125,0.0768749999999997
"1872",0.1125,0.0774999999999997,0.1015625
"1873",0.0718749999999997,0.0962499999999998,0.0915624999999997
"1874",0.100625,0.103125,0.0696874999999997
"1875",0.0949999999999998,0.10828125,0.0851562499999997
"1876",0.101875,0.0949999999999998,0.0903124999999997
"1877",0.0987499999999998,0.103125,0.0937499999999998
"1878",0.0885937499999997,0.0984374999999998,0.0871874999999998
"1879",0.0506249999999997,0.10453125,0.13125
"1880",0.12078125,0.11703125,0.0671874999999997
"1881",0.0737499999999997,0.0812499999999997,0.1153125
"1882",0.0768749999999997,0.1121875,0.0718749999999997
"1883",0.0784374999999997,0.0793749999999997,0.1175
"1884",0.136875,0.0703124999999997,0.0690624999999997
"1885",0.0846874999999997,0.128125,0.0806249999999997
"1886",0.10640625,0.126875,0.0959374999999998
"1887",0.1084375,0.0818749999999997,0.1109375
"1888",0.0710937499999997,0.0935937499999998,0.1109375
"1889",0.0779687499999997,0.136875,0.0868749999999997
"1890",0.14,0.0709374999999997,0.0626562499999997
"1891",0.0682812499999997,0.0771874999999997,0.10609375
"1892",0.0667187499999997,0.0912499999999997,0.0568749999999997
"1893",0.0249999999999997,0.0693749999999997,0.1028125
"1894",0.0974999999999998,0.1228125,0.0993749999999998
"1895",0.1353125,0.0890624999999997,0.116875
"1896",0.0826562499999997,0.13390625,0.140625
"1897",0.10125,0.1565625,0.12359375
"1898",0.11,0.0946874999999998,0.0768749999999997
"1899",0.0384374999999997,0.0881249999999997,0.0851562499999997
"1900",0.11125,0.115,0.0681249999999997
"1901",0.128125,0.11421875,0.0745312499999997
"1902",0.145,0.1190625,0.11
"1903",0.13375,0.0903124999999997,0.11
"1904",0.0648437499999997,0.1059375,0.105625
"1905",0.1559375,0.0531249999999997,0.0767187499999997
"1906",0.108125,0.11203125,0.0948437499999998
"1907",0.0787499999999997,0.0799999999999997,0.1046875
"1908",0.0731249999999997,0.0993749999999998,0.1053125
"1909",0.1284375,0.1221875,0.0924999999999997
"1910",0.12,0.12640625,0.1215625
"1911",0.0504687499999997,0.0895312499999998,0.0890624999999997
"1912",0.123125,0.0881249999999997,0.1053125
"1913",0.0956249999999998,0.12875,0.10109375
"1914",0.0593749999999997,0.0954687499999997,0.0906249999999997
"1915",0.0634374999999997,0.0867187499999997,0.12375
"1916",0.0548437499999997,0.1025,0.0918749999999997
"1917",0.0899999999999997,0.113125,0.1240625
"1918",0.1590625,0.0685937499999997,0.0801562499999997
"1919",0.0678124999999997,0.1125,0.0765624999999997
"1920",0.0943749999999998,0.1109375,0.10890625
"1921",0.11125,0.0931249999999997,0.1259375
"1922",0.0818749999999997,0.0682812499999997,0.0945312499999998
"1923",0.0820312499999998,0.0971874999999998,0.0996874999999998
"1924",0.1065625,0.10375,0.1425
"1925",0.10328125,0.0724999999999997,0.125
"1926",0.0971874999999998,0.0662499999999997,0.1759375
"1927",0.1121875,0.106875,0.0662499999999997
"1928",0.0554687499999997,0.0970312499999998,0.0915624999999997
"1929",0.0298437499999997,0.0971874999999998,0.0478124999999997
"1930",0.0265624999999997,0.0824999999999997,0.0918749999999997
"1931",0.0876562499999997,0.133125,0.12125
"1932",0.0471874999999997,0.0960937499999998,0.1203125
"1933",0.15625,0.0906249999999997,0.0699999999999997
"1934",0.16375,0.12359375,0.0881249999999997
"1935",0.0596874999999997,0.0853124999999997,0.10875
"1936",0.11734375,0.1090625,0.0876562499999997
"1937",0.1015625,0.0890624999999997,0.0718749999999997
"1938",0.1140625,0.0849999999999997,0.11
"1939",0.0374999999999997,0.0724999999999997,0.111875
"1940",0.0474999999999997,0.105,0.12125
"1941",0.0878124999999997,0.0903124999999997,0.11125
"1942",0.1346875,0.12453125,0.0679687499999997
"1943",0.131875,0.10375,0.10421875
"1944",0.1265625,0.0868749999999997,0.0946874999999998
"1945",0.105,0.1075,0.12625
"1946",0.0703124999999997,0.1071875,0.0924999999999997
"1947",0.131875,0.0909374999999998,0.0809374999999997
"1948",0.12125,0.1040625,0.0928124999999997
"1949",0.0765624999999997,0.1290625,0.103125
"1950",0.114375,0.15359375,0.0968749999999998
"1951",0.133125,0.0824999999999997,0.0742187499999997
"1952",0.146875,0.1596875,0.111875
"1953",0.0740624999999997,0.0874999999999997,0.1009375
"1954",0.0609374999999997,0.10953125,0.0899999999999997
"1955",0.0862499999999997,0.0953124999999997,0.0903124999999997
"1956",0.100625,0.111875,0.1034375
"1957",0.0493749999999997,0.1153125,0.0596874999999997
"1958",0.118125,0.0640624999999997,0.0906249999999997
"1959",0.1171875,0.1034375,0.1053125
"1960",0.0993749999999998,0.130625,0.1125
"1961",0.1075,0.130625,0.0690624999999997
"1962",0.0899999999999997,0.0818749999999997,0.0968749999999998
"1963",0.109375,0.125625,0.1021875
"1964",0.0785937499999997,0.0842187499999997,0.1021875
"1965",0.16109375,0.0962499999999998,0.0839062499999997
"1966",0.108125,0.134375,0.105
"1967",0.0493749999999997,0.1334375,0.0746874999999997
"1968",0.103125,0.0678124999999997,0.1178125
"1969",0.0915624999999997,0.0659374999999997,0.1253125
"1970",0.13875,0.0965624999999997,0.1090625
"1971",0.101875,0.0939062499999997,0.0873437499999997
"1972",0.0753124999999997,0.13875,0.0809374999999997
"1973",0.1025,0.1015625,0.0734374999999997
"1974",0.0904687499999997,0.10140625,0.10484375
"1975",0.0381249999999997,0.0953124999999997,0.1565625
"1976",0.0868749999999997,0.0668749999999997,0.0904687499999997
"1977",0.10125,0.0993749999999998,0.0590624999999997
"1978",0.0653124999999997,0.1625,0.0873437499999997
"1979",0.0953124999999997,0.0799999999999997,0.0896874999999998
"1980",0.0871874999999998,0.1103125,0.0999999999999998
"1981",0.0959374999999998,0.13203125,0.1159375
"1982",0.1159375,0.0806249999999997,0.1090625
"1983",0.1525,0.106875,0.1015625
"1984",0.0615624999999997,0.188125,0.11203125
"1985",0.0817187499999997,0.101875,0.0793749999999997
"1986",0.1275,0.0871874999999998,0.10234375
"1987",0.17,0.1046875,0.0689062499999997
"1988",0.105,0.1053125,0.10578125
"1989",0.119375,0.0890624999999997,0.114375
"1990",0.0496874999999997,0.11125,0.0929687499999997
"1991",0.1425,0.1190625,0.1003125
"1992",0.1425,0.118125,0.11875
"1993",0.111875,0.1040625,0.0718749999999997
"1994",0.0989062499999998,0.0784374999999997,0.1271875
"1995",0.1734375,0.0748437499999997,0.1175
"1996",0.15171875,0.12375,0.119375
"1997",0.0931249999999997,0.15484375,0.0368749999999997
"1998",0.0859374999999998,0.120625,0.0918749999999997
"1999",0.0970312499999998,0.0896874999999998,0.1215625
"2000",0.0828124999999997,0.12125,0.0899999999999997
