"","1k","5k","1w"
"1",0.0821874999999997,0.14203125,0.0767187499999997
"2",0.0664062499999997,0.0812499999999997,0.0695312499999997
"3",0.0876562499999997,0.109375,0.0934374999999998
"4",0.153125,0.11515625,0.0785937499999997
"5",0.19109375,0.0996874999999998,0.0928124999999997
"6",0.11671875,0.0931249999999997,0.0695312499999997
"7",0.0728124999999997,0.0460937499999997,0.0909374999999998
"8",0.0181249999999997,0.12671875,0.1065625
"9",0.11421875,0.0721874999999997,0.1078125
"10",0.0945312499999998,0.0960937499999998,0.0824999999999997
"11",0.0562499999999997,0.1259375,0.0981249999999998
"12",0.105,0.11,0.1278125
"13",0.1453125,0.14125,0.106875
"14",0.14078125,0.0774999999999997,0.0818749999999997
"15",0.149375,0.0593749999999997,0.10015625
"16",0.10609375,0.0834374999999997,0.1034375
"17",0.0481249999999997,0.11,0.1128125
"18",9.76562499966694e-06,0.0859374999999998,0.1153125
"19",0.0734374999999997,0.105625,0.0920312499999998
"20",0.0868749999999997,0.12,0.10484375
"21",0.2240625,0.12375,0.0871874999999998
"22",0.0903124999999997,0.0984374999999998,0.0724999999999997
"23",0.10640625,0.0928124999999997,0.1040625
"24",0.121875,0.1096875,0.0879687499999997
"25",0.17078125,0.10515625,0.0954687499999997
"26",0.0640624999999997,0.115625,0.108125
"27",0.155625,0.0999999999999998,0.0899999999999997
"28",0.0551562499999997,0.10703125,0.1028125
"29",0.17546875,0.1025,0.0923437499999998
"30",0.1175,0.1078125,0.114375
"31",0.17,0.0787499999999997,0.1134375
"32",0.0345312499999997,0.0671874999999997,0.1021875
"33",0.1078125,0.1053125,0.0996874999999998
"34",0.0715624999999997,0.0632812499999997,0.1015625
"35",0.0649999999999997,0.1003125,0.10140625
"36",0.1359375,0.14625,0.0967187499999997
"37",0.1196875,0.0685937499999997,0.0903124999999997
"38",0.0421874999999997,0.0990624999999997,0.10984375
"39",0.0218749999999997,0.1078125,0.0724999999999997
"40",0.19703125,0.1159375,0.0940624999999997
"41",0.0871874999999998,0.1065625,0.11
"42",0.0901562499999997,0.1103125,0.106875
"43",0.0165624999999997,0.0898437499999998,0.103125
"44",0.1065625,0.0937499999999998,0.1225
"45",0.1175,0.1121875,0.0824999999999997
"46",0.0234374999999997,0.0728124999999997,0.0974999999999998
"47",0.0774999999999997,0.1084375,0.10140625
"48",0.0504687499999997,0.12765625,0.0899999999999997
"49",0.0939062499999997,0.0996874999999998,0.0939062499999997
"50",0.14109375,0.1125,0.0957812499999998
"51",0.0554687499999997,0.0962499999999998,0.0993749999999998
"52",0.1315625,0.1009375,0.0759374999999997
"53",0.0615624999999997,0.0995312499999998,0.118125
"54",0.108125,0.0674999999999997,0.1075
"55",0.0828124999999997,0.1046875,0.1021875
"56",0.16578125,0.12625,0.0884374999999998
"57",0.0681249999999997,0.10375,0.0920312499999998
"58",0.0995312499999998,0.10859375,0.0915624999999997
"59",0.0549999999999997,0.10296875,0.1034375
"60",0.1165625,0.0856249999999997,0.0921874999999998
"61",0.12515625,0.0999999999999998,0.121875
"62",0.0543749999999997,0.100625,0.11
"63",0.12375,0.0846874999999997,0.1221875
"64",0.0406249999999997,0.1084375,0.1034375
"65",0.0703124999999997,0.105625,0.1203125
"66",0.12875,0.1296875,0.0796874999999997
"67",0.12625,0.105,0.0824999999999997
"68",0.0474999999999997,0.0945312499999998,0.101875
"69",0.1096875,0.114375,0.1184375
"70",0.119375,0.0781249999999997,0.1065625
"71",0.111875,0.143125,0.0831249999999997
"72",0.11625,0.1178125,0.1040625
"73",0.0946874999999998,0.0968749999999998,0.0946874999999998
"74",0.0574999999999997,0.1009375,0.0962499999999998
"75",0.0684374999999997,0.0771874999999997,0.0631249999999997
"76",0.15125,0.1103125,0.0934374999999998
"77",0.0598437499999997,0.1534375,0.0887499999999997
"78",0.1015625,0.1284375,0.133125
"79",0.0198437499999997,0.100625,0.1175
"80",0.105,0.125,0.0912499999999997
"81",0.135625,0.100625,0.12171875
"82",0.16,0.1046875,0.0828124999999997
"83",0.1684375,0.0815624999999997,0.0981249999999998
"84",0.0849999999999997,0.118125,0.1171875
"85",0.181875,0.0937499999999998,0.0923437499999998
"86",0.129375,0.0799999999999997,0.0871874999999998
"87",0.0903124999999997,0.0812499999999997,0.0831249999999997
"88",0.16921875,0.10875,0.0831249999999997
"89",0.0640624999999997,0.0812499999999997,0.10625
"90",0.0957812499999998,0.13828125,0.0868749999999997
"91",0.1353125,0.0756249999999997,0.106875
"92",0.1028125,0.1225,0.0937499999999998
"93",0.11578125,0.0809374999999997,0.1034375
"94",0.0621874999999997,0.0831249999999997,0.0943749999999998
"95",0.139375,0.0818749999999997,0.129375
"96",0.116875,0.0757812499999997,0.0981249999999998
"97",0.0487499999999997,0.0753124999999997,0.0896874999999998
"98",0.1275,0.10296875,0.0956249999999998
"99",0.20703125,0.0887499999999997,0.0849999999999997
"100",0.1115625,0.100625,0.1125
"101",0.0721874999999997,0.1215625,0.0939062499999997
"102",0.10671875,0.0912499999999997,0.0787499999999997
"103",0.0490624999999997,0.101875,0.10625
"104",0.1421875,0.0687499999999997,0.0949999999999998
"105",0.1096875,0.0623437499999997,0.101875
"106",0.0235937499999997,0.0949999999999998,0.0906249999999997
"107",0.24421875,0.0732812499999997,0.105
"108",0.1390625,0.0724999999999997,0.0934374999999998
"109",0.0501562499999997,0.12140625,0.1240625
"110",0.0960937499999998,0.0971874999999998,0.0993749999999998
"111",0.10828125,0.0885937499999997,0.1146875
"112",0.0881249999999997,0.0707812499999997,0.1028125
"113",0.1434375,0.1175,0.0918749999999997
"114",0.1475,0.124375,0.0753124999999997
"115",0.0523437499999997,0.0878124999999997,0.0931249999999997
"116",0.0606249999999997,0.0909374999999998,0.0774999999999997
"117",0.1834375,0.0884374999999998,0.0893749999999997
"118",0.0574999999999997,0.1165625,0.0843749999999997
"119",0.0881249999999997,0.1015625,0.0829687499999997
"120",0.0648437499999997,0.0803124999999997,0.0974999999999998
"121",0.0857812499999998,0.13671875,0.0974999999999998
"122",0.1334375,0.0799999999999997,0.1103125
"123",0.17375,0.0987499999999998,0.1178125
"124",0.0485937499999997,0.1275,0.0915624999999997
"125",0.1084375,0.130625,0.10125
"126",0.0996874999999998,0.0793749999999997,0.0831249999999997
"127",0.1146875,0.1171875,0.0903124999999997
"128",0.0307812499999997,0.113125,0.10734375
"129",0.0981249999999998,0.1159375,0.0860937499999997
"130",0.0414062499999997,0.1284375,0.11
"131",0.0206249999999997,0.1209375,0.1125
"132",0.119375,0.105,0.10734375
"133",0.12875,0.12,0.10625
"134",0.0943749999999998,0.0962499999999998,0.0923437499999998
"135",0.1425,0.128125,0.0854687499999997
"136",0.0931249999999997,0.0835937499999997,0.0840624999999997
"137",0.0823437499999997,0.1121875,0.11875
"138",0.0656249999999997,0.0598437499999997,0.1025
"139",1.22070312466693e-06,0.10953125,0.1075
"140",0.163125,0.0960937499999998,0.1084375
"141",0.10875,0.0845312499999998,0.1140625
"142",0.22625,0.0823437499999997,0.0987499999999998
"143",0.0426562499999997,0.0978124999999997,0.0937499999999998
"144",0.1475,0.118125,0.1140625
"145",0.0903124999999997,0.0721874999999997,0.0892187499999997
"146",0.0887499999999997,0.1078125,0.0968749999999998
"147",0.1040625,0.0924999999999997,0.0956249999999998
"148",0.1353125,0.0871874999999998,0.0598437499999997
"149",0.1409375,0.10078125,0.13
"150",0.0135937499999997,0.0815624999999997,0.0981249999999998
"151",0.0681249999999997,0.0771874999999997,0.0978124999999997
"152",0.0524999999999997,0.135,0.0849999999999997
"153",0.0903124999999997,0.0931249999999997,0.0965624999999997
"154",0.0238281249999997,0.1365625,0.0834374999999997
"155",0.0568749999999997,0.12140625,0.0743749999999997
"156",0.0624999999999997,0.0678124999999997,0.0865624999999997
"157",0.1084375,0.0987499999999998,0.0945312499999998
"158",0.0795312499999997,0.0774999999999997,0.0924999999999997
"159",0.1090625,0.0846874999999997,0.125
"160",0.130625,0.0831249999999997,0.0993749999999998
"161",0.1103125,0.11984375,0.0756249999999997
"162",0.0718749999999997,0.0820312499999998,0.1084375
"163",0.0795312499999997,0.123125,0.0974999999999998
"164",0.13125,0.0923437499999998,0.0865624999999997
"165",0.11671875,0.1140625,0.0946874999999998
"166",0.0207812499999997,0.1065625,0.120625
"167",0.111875,0.11375,0.0973437499999998
"168",0.0628124999999997,0.0992187499999997,0.1115625
"169",0.0989062499999998,0.0867187499999997,0.1290625
"170",0.0976562499999998,0.10375,0.1040625
"171",0.0856249999999997,0.1021875,0.0978124999999997
"172",0.13046875,0.0781249999999997,0.11953125
"173",0.0762499999999997,0.11375,0.0815624999999997
"174",0.13125,0.0698437499999997,0.0949999999999998
"175",0.0693749999999997,0.0693749999999997,0.12640625
"176",0.151875,0.1121875,0.1221875
"177",0.0184374999999997,0.0828124999999997,0.0862499999999997
"178",0.0931249999999997,0.14875,0.0787499999999997
"179",0.0465624999999997,0.10875,0.10625
"180",0.0656249999999997,0.0862499999999997,0.118125
"181",0.0737499999999997,0.118125,0.118125
"182",0.0906249999999997,0.0934374999999998,0.0895312499999998
"183",0.158125,0.1396875,0.0924999999999997
"184",0.140625,0.0884374999999998,0.0907812499999998
"185",3.9062499999667e-05,0.1021875,0.10375
"186",0.1078125,0.0499999999999997,0.0732812499999997
"187",0.0492187499999997,0.1071875,0.1175
"188",0.0734374999999997,0.1325,0.12125
"189",0.135,0.13359375,0.0734374999999997
"190",0.0412499999999997,0.0948437499999998,0.1109375
"191",0.0581249999999997,0.1025,0.0940624999999997
"192",0.1425,0.0956249999999998,0.1009375
"193",0.0668749999999997,0.1175,0.0703124999999997
"194",0.0846874999999997,0.0934374999999998,0.0965624999999997
"195",0.0899999999999997,0.10671875,0.0987499999999998
"196",0.0532812499999997,0.0871874999999998,0.13
"197",0.125625,0.11859375,0.11828125
"198",0.0982812499999998,0.1303125,0.0828124999999997
"199",0.0310937499999997,0.10546875,0.0974999999999998
"200",0.0324999999999997,0.10203125,0.0935937499999998
"201",0.0971874999999998,0.0829687499999997,0.111875
"202",0.0715624999999997,0.121875,0.0903124999999997
"203",0.0165624999999997,0.0643749999999997,0.0898437499999998
"204",0.1675,0.0656249999999997,0.1078125
"205",0.1559375,0.1159375,0.0920312499999998
"206",0.0415624999999997,0.1159375,0.0839062499999997
"207",0.0759374999999997,0.0640624999999997,0.14
"208",0.20375,0.0946874999999998,0.1178125
"209",0.0595312499999997,0.1165625,0.0803124999999997
"210",0.0449999999999997,0.0890624999999997,0.110625
"211",0.0642187499999997,0.12640625,0.0687499999999997
"212",0.0359374999999997,0.0840624999999997,0.0937499999999998
"213",0.1853125,0.0943749999999998,0.0949999999999998
"214",0.134375,0.12625,0.0709374999999997
"215",0.0859374999999998,0.110625,0.0839062499999997
"216",0.0968749999999998,0.106875,0.0912499999999997
"217",0.1825,0.0893749999999997,0.0767187499999997
"218",4.88281249966694e-06,0.0456249999999997,0.0945312499999998
"219",0.17484375,0.0831249999999997,0.0965624999999997
"220",0.1090625,0.0953124999999997,0.0937499999999998
"221",0.0653124999999997,0.0737499999999997,0.0946874999999998
"222",0.0287499999999997,0.1078125,0.0874999999999997
"223",0.00249999999999967,0.0704687499999997,0.1009375
"224",0.0699999999999997,0.0879687499999997,0.0981249999999998
"225",0.14171875,0.0831249999999997,0.0803124999999997
"226",0.1159375,0.12375,0.1034375
"227",0.0459374999999997,0.1028125,0.0965624999999997
"228",0.0793749999999997,0.1103125,0.0890624999999997
"229",0.178125,0.100625,0.110625
"230",0.0968749999999998,0.1228125,0.10015625
"231",4.88281249966694e-06,0.0682812499999997,0.1025
"232",0.1009375,0.101875,0.0924999999999997
"233",0.0915624999999997,0.0856249999999997,0.1103125
"234",0.0906249999999997,0.11015625,0.0749999999999997
"235",0.0392187499999997,0.0920312499999998,0.1003125
"236",0.1459375,0.1175,0.11125
"237",0.144375,0.0874999999999997,0.10375
"238",0.0776562499999997,0.0659374999999997,0.13375
"239",0.1684375,0.0890624999999997,0.0957812499999998
"240",0.0703124999999997,0.0793749999999997,0.0971874999999998
"241",0.0828124999999997,0.1046875,0.0746874999999997
"242",0.0368749999999997,0.0893749999999997,0.0999999999999998
"243",0.0187499999999997,0.0987499999999998,0.0949999999999998
"244",0.1634375,0.0820312499999998,0.0893749999999997
"245",0.0432812499999997,0.0660937499999997,0.1053125
"246",0.0931249999999997,0.0556249999999997,0.1228125
"247",0.0912499999999997,0.1065625,0.0959374999999998
"248",0.155,0.0774999999999997,0.0887499999999997
"249",0.181875,0.0896874999999998,0.10171875
"250",0.0754687499999997,0.0457812499999997,0.0618749999999997
"251",0.0934374999999998,0.0979687499999997,0.0996874999999998
"252",4.88281249966694e-06,0.1328125,0.0793749999999997
"253",0.0665624999999997,0.1240625,0.104375
"254",0.0562499999999997,0.0943749999999998,0.0870312499999998
"255",0.0690624999999997,0.0974999999999998,0.110625
"256",0.103125,0.1021875,0.0868749999999997
"257",0.1534375,0.1153125,0.0976562499999998
"258",0.1559375,0.11015625,0.10015625
"259",0.1078125,0.10953125,0.1171875
"260",0.0503124999999997,0.10125,0.0870312499999998
"261",0.10125,0.11640625,0.12484375
"262",0.0687499999999997,0.0687499999999997,0.0874999999999997
"263",0.1615625,0.12375,0.10203125
"264",0.0753124999999997,0.0882812499999998,0.0896874999999998
"265",0.113125,0.0731249999999997,0.0946874999999998
"266",0.0331249999999997,0.11328125,0.0774999999999997
"267",0.1025,0.1159375,0.0995312499999998
"268",0.0937499999999998,0.0853124999999997,0.0962499999999998
"269",0.0674999999999997,0.1209375,0.10609375
"270",0.0457812499999997,0.10375,0.0965624999999997
"271",0.135625,0.1046875,0.0784374999999997
"272",0.0495312499999997,0.111875,0.0943749999999998
"273",0.13,0.115625,0.0915624999999997
"274",0.0709374999999997,0.118125,0.1090625
"275",0.0149999999999997,0.0696874999999997,0.0776562499999997
"276",0.0793749999999997,0.0909374999999998,0.0996874999999998
"277",0.12515625,0.101875,0.10546875
"278",0.101875,0.1003125,0.100625
"279",0.1484375,0.1303125,0.0934374999999998
"280",0.11140625,0.0793749999999997,0.103125
"281",0.13,0.0971874999999998,0.1171875
"282",0.0368749999999997,0.0862499999999997,0.101875
"283",0.0646874999999997,0.11765625,0.0671874999999997
"284",0.0971874999999998,0.0774999999999997,0.110625
"285",0.0953124999999997,0.10015625,0.0981249999999998
"286",0.1121875,0.0899999999999997,0.0865624999999997
"287",1.22070312466693e-06,0.0743749999999997,0.10875
"288",0.11859375,0.0842187499999997,0.0771874999999997
"289",0.154375,0.125,0.0928124999999997
"290",0.0859374999999998,0.1115625,0.1053125
"291",0.0699999999999997,0.0774999999999997,0.115
"292",0.0943749999999998,0.0890624999999997,0.1228125
"293",0.125625,0.115625,0.0903124999999997
"294",0.0496874999999997,0.0671874999999997,0.0935937499999998
"295",0.0365624999999997,0.114375,0.0821874999999997
"296",0.1921875,0.0878124999999997,0.0859374999999998
"297",0.0474999999999997,0.0665624999999997,0.1009375
"298",0.1534375,0.0887499999999997,0.109375
"299",0.0499999999999997,0.0990624999999997,0.10765625
"300",0.0890624999999997,0.1071875,0.0987499999999998
"301",0.0949999999999998,0.11109375,0.11203125
"302",0.1209375,0.125625,0.0918749999999997
"303",0.0815624999999997,0.1415625,0.1096875
"304",0.0899999999999997,0.12421875,0.10125
"305",4.88281249966694e-06,0.0893749999999997,0.105625
"306",0.0614062499999997,0.10875,0.0962499999999998
"307",0.16125,0.0673437499999997,0.0946874999999998
"308",0.0867187499999997,0.0981249999999998,0.0814062499999997
"309",0.17296875,0.0862499999999997,0.0943749999999998
"310",4.88281249966694e-06,0.0999999999999998,0.0893749999999997
"311",0.0770312499999997,0.126875,0.115
"312",0.0434374999999997,0.1315625,0.0887499999999997
"313",0.1434375,0.0967187499999997,0.10125
"314",0.16,0.0957812499999998,0.0648437499999997
"315",0.131875,0.13546875,0.0904687499999997
"316",0.0390624999999997,0.0649999999999997,0.1053125
"317",0.0703124999999997,0.106875,0.109375
"318",0.0624999999999997,0.0906249999999997,0.0835937499999997
"319",0.0762499999999997,0.1221875,0.0874999999999997
"320",0.0353124999999997,0.115,0.0934374999999998
"321",0.0846874999999997,0.0978124999999997,0.0918749999999997
"322",0.105625,0.0774999999999997,0.0756249999999997
"323",0.1765625,0.125,0.0884374999999998
"324",0.0684374999999997,0.108125,0.0959374999999998
"325",0.150625,0.0685937499999997,0.10578125
"326",0.12046875,0.11890625,0.10421875
"327",0.1075,0.121875,0.100625
"328",0.0970312499999998,0.0906249999999997,0.0981249999999998
"329",0.1115625,0.11390625,0.0837499999999997
"330",0.0621874999999997,0.11671875,0.1075
"331",0.120625,0.1378125,0.0971874999999998
"332",0.0453124999999997,0.0974999999999998,0.0887499999999997
"333",0.10125,0.1065625,0.0996874999999998
"334",0.0803124999999997,0.0928124999999997,0.0987499999999998
"335",0.0768749999999997,0.0778124999999997,0.1015625
"336",0.0381249999999997,0.0710937499999997,0.0840624999999997
"337",0.0837499999999997,0.1503125,0.11453125
"338",0.1675,0.0753124999999997,0.0940624999999997
"339",0.11625,0.11,0.0940624999999997
"340",0.12078125,0.0996874999999998,0.115
"341",0.0579687499999997,0.0531249999999997,0.0798437499999997
"342",0.166875,0.0593749999999997,0.13671875
"343",0.113125,0.10375,0.1275
"344",0.11,0.0854687499999997,0.1059375
"345",0.0474999999999997,0.11515625,0.0893749999999997
"346",0.11875,0.105,0.0812499999999997
"347",0.0971874999999998,0.1134375,0.0934374999999998
"348",0.1209375,0.0762499999999997,0.0774999999999997
"349",0.1596875,0.1096875,0.109375
"350",0.1296875,0.1021875,0.10625
"351",0.108125,0.1053125,0.10125
"352",0.0726562499999997,0.0923437499999998,0.0959374999999998
"353",0.0349999999999997,0.1015625,0.0784374999999997
"354",0.0271874999999997,0.0864062499999997,0.0742187499999997
"355",0.0553124999999997,0.12875,0.0968749999999998
"356",0.0726562499999997,0.1078125,0.1059375
"357",0.10875,0.0984374999999998,0.0981249999999998
"358",0.0567187499999997,0.0959374999999998,0.0871874999999998
"359",4.88281249966694e-06,0.126875,0.1065625
"360",0.0640624999999997,0.139375,0.10375
"361",0.0971874999999998,0.0668749999999997,0.10140625
"362",0.00781249999999967,0.1096875,0.114375
"363",0.0885937499999997,0.1221875,0.0770312499999997
"364",0.1196875,0.0876562499999997,0.119375
"365",0.0421874999999997,0.0803124999999997,0.10703125
"366",0.11140625,0.0984374999999998,0.0942187499999997
"367",0.0690624999999997,0.113125,0.11375
"368",0.0690624999999997,0.0857812499999998,0.0804687499999997
"369",0.11734375,0.108125,0.0868749999999997
"370",0.0812499999999997,0.1121875,0.0996874999999998
"371",0.0931249999999997,0.10875,0.10375
"372",0.0971874999999998,0.10859375,0.0917187499999997
"373",0.128125,0.1046875,0.0920312499999998
"374",0.0274999999999997,0.0603124999999997,0.0781249999999997
"375",0.00484374999999967,0.100625,0.1071875
"376",0.14015625,0.1125,0.10765625
"377",0.0532812499999997,0.0999999999999998,0.0814062499999997
"378",0.0762499999999997,0.0743749999999997,0.100625
"379",0.1253125,0.0946874999999998,0.0946874999999998
"380",0.0870312499999998,0.1128125,0.0818749999999997
"381",0.12703125,0.0899999999999997,0.10703125
"382",0.1846875,0.0806249999999997,0.0781249999999997
"383",0.0981249999999998,0.0717187499999997,0.125625
"384",0.1025,0.0785937499999997,0.0740624999999997
"385",0.0849999999999997,0.0918749999999997,0.111875
"386",0.179375,0.115,0.109375
"387",0.154375,0.10390625,0.10859375
"388",0.0343749999999997,0.0974999999999998,0.115
"389",0.0959374999999998,0.0787499999999997,0.0974999999999998
"390",0.0781249999999997,0.1203125,0.113125
"391",0.18625,0.0856249999999997,0.0678124999999997
"392",0.11,0.1096875,0.0993749999999998
"393",0.138125,0.1103125,0.0984374999999998
"394",0.0859374999999998,0.0921874999999998,0.100625
"395",0.0754687499999997,0.0656249999999997,0.0793749999999997
"396",0.1359375,0.0840624999999997,0.0540624999999997
"397",0.13375,0.0848437499999997,0.0898437499999998
"398",0.0712499999999997,0.0910937499999998,0.0826562499999997
"399",0.14859375,0.0903124999999997,0.0753124999999997
"400",0.0696874999999997,0.0998437499999998,0.0949999999999998
"401",0.0589062499999997,0.1075,0.0981249999999998
"402",0.146875,0.0893749999999997,0.101875
"403",0.1134375,0.0906249999999997,0.0743749999999997
"404",0.0629687499999997,0.104375,0.103125
"405",0.0370312499999997,0.0782812499999997,0.11625
"406",0.109375,0.0946874999999998,0.11375
"407",0.1225,0.1025,0.0814062499999997
"408",0.0868749999999997,0.0837499999999997,0.0920312499999998
"409",0.0687499999999997,0.1025,0.11328125
"410",0.0912499999999997,0.113125,0.10375
"411",0.0124999999999997,0.110625,0.10734375
"412",0.1540625,0.0765624999999997,0.111875
"413",0.0853124999999997,0.14875,0.0814062499999997
"414",0.0796874999999997,0.11,0.10484375
"415",0.0237499999999997,0.1184375,0.115
"416",0.0314062499999997,0.13625,0.0912499999999997
"417",0.0931249999999997,0.0887499999999997,0.12546875
"418",0.0426562499999997,0.10015625,0.1046875
"419",0.0696874999999997,0.0609374999999997,0.1025
"420",0.13,0.108125,0.0882812499999998
"421",0.1075,0.11296875,0.1121875
"422",2.9296874999667e-05,0.0799999999999997,0.0959374999999998
"423",0.0896874999999998,0.0743749999999997,0.0974999999999998
"424",0.0315624999999997,0.0731249999999997,0.0831249999999997
"425",0.105,0.119375,0.0968749999999998
"426",0.10609375,0.1278125,0.0949999999999998
"427",0.11109375,0.12125,0.10453125
"428",0.0590624999999997,0.1246875,0.0881249999999997
"429",0.0853124999999997,0.1046875,0.10328125
"430",0.0703124999999997,0.103125,0.0981249999999998
"431",0.0821874999999997,0.0749999999999997,0.0751562499999997
"432",0.123125,0.103125,0.1103125
"433",0.0899999999999997,0.0921874999999998,0.1203125
"434",0.0712499999999997,0.10875,0.0867187499999997
"435",0.0649999999999997,0.12125,0.1259375
"436",0.16625,0.1078125,0.115625
"437",0.0421874999999997,0.11953125,0.0924999999999997
"438",0.105,0.141875,0.10625
"439",0.24875,0.0984374999999998,0.0904687499999997
"440",0.0773437499999997,0.0624999999999997,0.103125
"441",0.109375,0.11125,0.11125
"442",0.0696874999999997,0.12625,0.1075
"443",0.0939062499999997,0.0412499999999997,0.10375
"444",0.0965624999999997,0.0859374999999998,0.0893749999999997
"445",0.0999999999999998,0.0943749999999998,0.10703125
"446",0.1225,0.111875,0.0756249999999997
"447",0.0949999999999998,0.1121875,0.0965624999999997
"448",0.1071875,0.0693749999999997,0.0896874999999998
"449",0.0971874999999998,0.0549999999999997,0.0915624999999997
"450",0.0723437499999997,0.130625,0.0906249999999997
"451",0.114375,0.141875,0.1228125
"452",0.10609375,0.0906249999999997,0.0906249999999997
"453",0.11375,0.1059375,0.0967187499999997
"454",0.16,0.101875,0.1215625
"455",0.12703125,0.14375,0.12390625
"456",0.0781249999999997,0.0587499999999997,0.0987499999999998
"457",0.1325,0.1021875,0.0868749999999997
"458",0.0643749999999997,0.0706249999999997,0.0849999999999997
"459",0.0659374999999997,0.12921875,0.0937499999999998
"460",0.1525,0.0879687499999997,0.0964062499999997
"461",0.1234375,0.1340625,0.0799999999999997
"462",0.115,0.1053125,0.1053125
"463",0.0274999999999997,0.0703124999999997,0.10875
"464",0.158125,0.0912499999999997,0.1065625
"465",0.1034375,0.11234375,0.12796875
"466",0.156875,0.0696874999999997,0.0968749999999998
"467",0.0490624999999997,0.0956249999999998,0.1084375
"468",0.0393749999999997,0.0878124999999997,0.0984374999999998
"469",0.1696875,0.0818749999999997,0.0887499999999997
"470",0.1603125,0.0649999999999997,0.11125
"471",0.12,0.1025,0.0948437499999998
"472",0.15046875,0.1159375,0.1190625
"473",0.0524999999999997,0.0965624999999997,0.0764062499999997
"474",0.0789062499999997,0.0862499999999997,0.10515625
"475",0.0837499999999997,0.1065625,0.0853124999999997
"476",0.128125,0.1259375,0.1265625
"477",0.0762499999999997,0.1096875,0.0870312499999998
"478",0.0242187499999997,0.0709374999999997,0.0943749999999998
"479",0.11375,0.0953124999999997,0.1090625
"480",0.1115625,0.0592187499999997,0.0745312499999997
"481",0.0924999999999997,0.1175,0.0965624999999997
"482",0.196875,0.0842187499999997,0.105
"483",3.9062499999667e-05,0.0943749999999998,0.0990624999999997
"484",0.0674999999999997,0.0785937499999997,0.10765625
"485",0.1065625,0.133125,0.0906249999999997
"486",0.121875,0.1028125,0.0818749999999997
"487",0.0926562499999997,0.0749999999999997,0.1125
"488",0.13515625,0.0968749999999998,0.0912499999999997
"489",0.169375,0.0953124999999997,0.1028125
"490",0.133125,0.13796875,0.10625
"491",0.1271875,0.110625,0.0957812499999998
"492",0.1803125,0.0896874999999998,0.1021875
"493",0.0940624999999997,0.0917187499999997,0.0956249999999998
"494",0.0364062499999997,0.118125,0.0696874999999997
"495",0.0299999999999997,0.118125,0.105625
"496",0.1121875,0.11875,0.11875
"497",0.0924999999999997,0.0945312499999998,0.106875
"498",0.0643749999999997,0.11015625,0.0871874999999998
"499",0.0762499999999997,0.0671874999999997,0.0884374999999998
"500",0.0404687499999997,0.1440625,0.0968749999999998
"501",0.10921875,0.0973437499999998,0.0949999999999998
"502",0.0912499999999997,0.11,0.0999999999999998
"503",0.0790624999999997,0.0417187499999997,0.1175
"504",0.10796875,0.1134375,0.10875
"505",0.0981249999999998,0.1325,0.0953124999999997
"506",2.44140624966694e-06,0.0693749999999997,0.0940624999999997
"507",0.0906249999999997,0.0703124999999997,0.0965624999999997
"508",0.0329687499999997,0.0793749999999997,0.10046875
"509",0.10171875,0.0893749999999997,0.0831249999999997
"510",0.0820312499999998,0.0803124999999997,0.11375
"511",4.88281249966694e-06,0.1040625,0.1009375
"512",0.0784374999999997,0.1115625,0.0856249999999997
"513",0.0765624999999997,0.105,0.0717187499999997
"514",0.0929687499999997,0.0712499999999997,0.0871874999999998
"515",0.1103125,0.1071875,0.1078125
"516",0.1065625,0.0859374999999998,0.0815624999999997
"517",4.88281249966694e-06,0.0771874999999997,0.0893749999999997
"518",0.0518749999999997,0.0618749999999997,0.0959374999999998
"519",0.0937499999999998,0.0853124999999997,0.1040625
"520",0.126875,0.0912499999999997,0.0887499999999997
"521",0.0846874999999997,0.11625,0.0698437499999997
"522",0.0549999999999997,0.110625,0.0884374999999998
"523",0.0968749999999998,0.1134375,0.0740624999999997
"524",0.0812499999999997,0.115,0.0790624999999997
"525",0.0871874999999998,0.1221875,0.13125
"526",0.120625,0.10828125,0.0832812499999998
"527",0.0290624999999997,0.10140625,0.0899999999999997
"528",0.16890625,0.0806249999999997,0.0896874999999998
"529",0.0437499999999997,0.0987499999999998,0.0987499999999998
"530",0.0981249999999998,0.0399999999999997,0.0806249999999997
"531",0.12484375,0.126875,0.1075
"532",0.0574999999999997,0.0799999999999997,0.0971874999999998
"533",0.0817187499999997,0.1384375,0.114375
"534",0.0943749999999998,0.0696874999999997,0.10625
"535",0.0864062499999997,0.101875,0.0974999999999998
"536",0.0629687499999997,0.0793749999999997,0.12828125
"537",0.0824999999999997,0.0937499999999998,0.0879687499999997
"538",0.0715624999999997,0.0871874999999998,0.10484375
"539",0.11234375,0.0781249999999997,0.1225
"540",0.0937499999999998,0.0946874999999998,0.0949999999999998
"541",0.0230468749999997,0.0946874999999998,0.10625
"542",0.1265625,0.11046875,0.0876562499999997
"543",0.0751562499999997,0.0824999999999997,0.10625
"544",0.145,0.12578125,0.105
"545",0.135,0.0768749999999997,0.1075
"546",2.44140624966694e-06,0.1228125,0.0854687499999997
"547",0.1609375,0.0881249999999997,0.0765624999999997
"548",0.1803125,0.0803124999999997,0.10859375
"549",0.150625,0.10234375,0.118125
"550",0.0674999999999997,0.0868749999999997,0.0974999999999998
"551",0.0737499999999997,0.0609374999999997,0.0831249999999997
"552",0.0799999999999997,0.11546875,0.10078125
"553",0.0928124999999997,0.0887499999999997,0.106875
"554",0.0614062499999997,0.1125,0.0824999999999997
"555",0.155,0.0968749999999998,0.0918749999999997
"556",0.1109375,0.0610937499999997,0.0801562499999997
"557",0.0745312499999997,0.1146875,0.0834374999999997
"558",0.1159375,0.0615624999999997,0.0912499999999997
"559",0.0451562499999997,0.0804687499999997,0.0918749999999997
"560",0.0614062499999997,0.11875,0.0940624999999997
"561",0.0853124999999997,0.0912499999999997,0.0937499999999998
"562",0.0962499999999998,0.0987499999999998,0.10625
"563",0.0774999999999997,0.1178125,0.125625
"564",0.139375,0.126875,0.105625
"565",0.0789062499999997,0.0851562499999997,0.0746874999999997
"566",0.0956249999999998,0.109375,0.123125
"567",0.0912499999999997,0.0573437499999997,0.10796875
"568",0.15359375,0.0896874999999998,0.0823437499999997
"569",0.0499999999999997,0.0937499999999998,0.0715624999999997
"570",0.1015625,0.0973437499999998,0.1025
"571",0.0731249999999997,0.0656249999999997,0.0956249999999998
"572",0.0912499999999997,0.105,0.0934374999999998
"573",0.0634374999999997,0.1109375,0.0987499999999998
"574",0.1053125,0.164375,0.0912499999999997
"575",0.0518749999999997,0.1115625,0.0990624999999997
"576",0.12109375,0.1115625,0.0821874999999997
"577",0.1346875,0.1196875,0.0959374999999998
"578",0.0696874999999997,0.0971874999999998,0.1078125
"579",0.0424999999999997,0.105,0.0856249999999997
"580",0.1175,0.0654687499999997,0.115
"581",0.0739062499999997,0.1215625,0.0953124999999997
"582",0.0876562499999997,0.116875,0.0962499999999998
"583",0.0928124999999997,0.0831249999999997,0.0996874999999998
"584",0.0824999999999997,0.0778124999999997,0.105625
"585",0.1165625,0.119375,0.12375
"586",0.00718749999999967,0.12703125,0.1103125
"587",2.44140624966694e-06,0.0521874999999997,0.1184375
"588",0.1184375,0.10046875,0.10375
"589",0.0957812499999998,0.0856249999999997,0.0935937499999998
"590",0.0859374999999998,0.0987499999999998,0.1115625
"591",0.1103125,0.139375,0.0859374999999998
"592",0.0662499999999997,0.11765625,0.11828125
"593",0.0496874999999997,0.10734375,0.114375
"594",0.0739062499999997,0.0931249999999997,0.0774999999999997
"595",0.0265624999999997,0.10625,0.0890624999999997
"596",0.0481249999999997,0.0892187499999997,0.0949999999999998
"597",0.116875,0.0743749999999997,0.0849999999999997
"598",0.0909374999999998,0.12375,0.1053125
"599",0.16,0.0912499999999997,0.0948437499999998
"600",0.0849999999999997,0.16484375,0.0996874999999998
"601",0.0957812499999998,0.11046875,0.0909374999999998
"602",0.0503124999999997,0.0723437499999997,0.1009375
"603",0.12375,0.0803124999999997,0.0953124999999997
"604",0.0643749999999997,0.13375,0.0915624999999997
"605",0.0853124999999997,0.1075,0.10265625
"606",0.0937499999999998,0.0960937499999998,0.125
"607",0.0784374999999997,0.12671875,0.10546875
"608",0.0615624999999997,0.0687499999999997,0.10828125
"609",0.11125,0.0656249999999997,0.0967187499999997
"610",0.105625,0.0920312499999998,0.0940624999999997
"611",0.1259375,0.0749999999999997,0.1015625
"612",0.111875,0.0776562499999997,0.0943749999999998
"613",0.13703125,0.111875,0.0924999999999997
"614",0.1640625,0.0760937499999997,0.0954687499999997
"615",1.9531249999667e-05,0.0749999999999997,0.0915624999999997
"616",0.118125,0.0632812499999997,0.1228125
"617",0.126875,0.11390625,0.10625
"618",1.22070312466693e-06,0.0898437499999998,0.10859375
"619",0.0362499999999997,0.10375,0.116875
"620",0.113125,0.11578125,0.109375
"621",0.00249999999999967,0.12625,0.1128125
"622",0.140625,0.0687499999999997,0.123125
"623",0.0984374999999998,0.0881249999999997,0.0906249999999997
"624",0.0528124999999997,0.0931249999999997,0.0998437499999998
"625",0.105,0.1021875,0.0971874999999998
"626",0.0212499999999997,0.0974999999999998,0.104375
"627",0.1184375,0.0962499999999998,0.10484375
"628",0.0521874999999997,0.100625,0.10296875
"629",0.0868749999999997,0.120625,0.0849999999999997
"630",0.0703124999999997,0.1340625,0.0857812499999998
"631",0.0293749999999997,0.0799999999999997,0.103125
"632",0.0759374999999997,0.113125,0.105625
"633",0.0862499999999997,0.0948437499999998,0.1125
"634",0.0921874999999998,0.0832812499999998,0.0934374999999998
"635",0.0612499999999997,0.1475,0.0923437499999998
"636",0.0756249999999997,0.0793749999999997,0.11984375
"637",0.1825,0.0974999999999998,0.0981249999999998
"638",0.108125,0.116875,0.1034375
"639",0.106875,0.13625,0.10921875
"640",0.0724999999999997,0.0646874999999997,0.0874999999999997
"641",0.12125,0.0993749999999998,0.0874999999999997
"642",0.0953124999999997,0.11765625,0.0915624999999997
"643",0.1646875,0.13109375,0.0998437499999998
"644",0.0859374999999998,0.118125,0.1059375
"645",0.1153125,0.1215625,0.0815624999999997
"646",0.0865624999999997,0.10125,0.0812499999999997
"647",0.1075,0.0915624999999997,0.0937499999999998
"648",0.0981249999999998,0.10265625,0.0928124999999997
"649",0.1315625,0.115625,0.10625
"650",0.145625,0.121875,0.1225
"651",0.103125,0.10734375,0.0776562499999997
"652",0.0865624999999997,0.10703125,0.1034375
"653",0.0987499999999998,0.0924999999999997,0.0840624999999997
"654",0.0487499999999997,0.0896874999999998,0.1071875
"655",0.0418749999999997,0.0956249999999998,0.1084375
"656",0.0715624999999997,0.125625,0.135625
"657",0.124375,0.110625,0.0957812499999998
"658",0.0612499999999997,0.1140625,0.0867187499999997
"659",0.22375,0.0779687499999997,0.11625
"660",0.0176562499999997,0.1096875,0.1075
"661",0.174375,0.11875,0.0835937499999997
"662",0.0846874999999997,0.1390625,0.11203125
"663",0.0910937499999998,0.0892187499999997,0.1075
"664",0.13015625,0.0753124999999997,0.0971874999999998
"665",0.0692187499999997,0.15,0.0981249999999998
"666",0.0946874999999998,0.0893749999999997,0.10265625
"667",0.195,0.0756249999999997,0.1075
"668",0.2009375,0.0796874999999997,0.101875
"669",0.0849999999999997,0.1059375,0.111875
"670",0.1628125,0.0921874999999998,0.13
"671",0.16875,0.1134375,0.0932812499999998
"672",0.0520312499999997,0.1053125,0.11359375
"673",0.0596874999999997,0.0949999999999998,0.1153125
"674",0.0756249999999997,0.0965624999999997,0.0942187499999997
"675",0.10625,0.0965624999999997,0.0762499999999997
"676",0.1084375,0.1015625,0.105625
"677",0.1375,0.0909374999999998,0.0878124999999997
"678",0.1325,0.0996874999999998,0.101875
"679",0.120625,0.0981249999999998,0.1209375
"680",0.0770312499999997,0.0806249999999997,0.0846874999999997
"681",0.0596874999999997,0.10953125,0.0881249999999997
"682",0.0849999999999997,0.0718749999999997,0.0862499999999997
"683",0.12125,0.1040625,0.116875
"684",0.0743749999999997,0.0865624999999997,0.1059375
"685",0.14390625,0.13375,0.0843749999999997
"686",0.0940624999999997,0.11359375,0.10828125
"687",0.1890625,0.11875,0.0801562499999997
"688",0.12078125,0.101875,0.0954687499999997
"689",0.1159375,0.1128125,0.13765625
"690",0.186875,0.0882812499999998,0.1046875
"691",0.0278124999999997,0.1084375,0.115625
"692",0.0689062499999997,0.0932812499999998,0.0943749999999998
"693",0.12625,0.0937499999999998,0.0943749999999998
"694",0.0692187499999997,0.0943749999999998,0.1209375
"695",0.0290624999999997,0.1009375,0.0917187499999997
"696",0.0570312499999997,0.1009375,0.0831249999999997
"697",0.0374999999999997,0.0815624999999997,0.1109375
"698",0.0687499999999997,0.0912499999999997,0.0837499999999997
"699",0.19125,0.0796874999999997,0.13
"700",0.0662499999999997,0.14625,0.0943749999999998
"701",0.0346874999999997,0.0717187499999997,0.120625
"702",0.0837499999999997,0.1090625,0.108125
"703",0.0684374999999997,0.0837499999999997,0.0993749999999998
"704",0.1009375,0.0676562499999997,0.0931249999999997
"705",0.1115625,0.11953125,0.0984374999999998
"706",0.179375,0.0531249999999997,0.1140625
"707",0.10125,0.1028125,0.0906249999999997
"708",0.0345312499999997,0.11265625,0.0849999999999997
"709",0.0787499999999997,0.0742187499999997,0.104375
"710",0.0251562499999997,0.0937499999999998,0.10578125
"711",0.178125,0.114375,0.0956249999999998
"712",0.0521874999999997,0.0937499999999998,0.0978124999999997
"713",0.13046875,0.0787499999999997,0.105625
"714",0.12328125,0.115,0.10125
"715",0.0984374999999998,0.0824999999999997,0.10953125
"716",0.0993749999999998,0.114375,0.0843749999999997
"717",0.15109375,0.0898437499999998,0.10109375
"718",0.0812499999999997,0.0979687499999997,0.0646874999999997
"719",0.0737499999999997,0.0646874999999997,0.1259375
"720",0.0731249999999997,0.1009375,0.1071875
"721",0.1434375,0.0764062499999997,0.0671874999999997
"722",0.0999999999999998,0.1159375,0.0828124999999997
"723",0.0853124999999997,0.115625,0.1175
"724",7.32421874966694e-06,0.0865624999999997,0.11625
"725",0.0543749999999997,0.1159375,0.1128125
"726",0.0889062499999997,0.1290625,0.0717187499999997
"727",0.0628124999999997,0.105625,0.10375
"728",0.11984375,0.128125,0.0915624999999997
"729",0.0931249999999997,0.0664062499999997,0.1140625
"730",0.0354687499999997,0.1028125,0.10890625
"731",0.113125,0.0728124999999997,0.1215625
"732",0.0704687499999997,0.113125,0.10140625
"733",0.0837499999999997,0.0890624999999997,0.1028125
"734",0.14328125,0.0851562499999997,0.0731249999999997
"735",0.0646874999999997,0.0865624999999997,0.0893749999999997
"736",0.1075,0.10625,0.1146875
"737",0.12,0.0906249999999997,0.1075
"738",0.1434375,0.0803124999999997,0.0842187499999997
"739",0.0512499999999997,0.0596874999999997,0.1228125
"740",0.0957812499999998,0.1109375,0.0903124999999997
"741",0.194375,0.0964062499999997,0.105625
"742",0.16125,0.0939062499999997,0.1125
"743",0.1290625,0.0979687499999997,0.123125
"744",0.0806249999999997,0.0984374999999998,0.0999999999999998
"745",0.135625,0.0951562499999997,0.0653124999999997
"746",0.0912499999999997,0.0840624999999997,0.0956249999999998
"747",3.66210937466694e-06,0.105,0.0920312499999998
"748",0.0362499999999997,0.0698437499999997,0.1125
"749",0.1340625,0.0943749999999998,0.0915624999999997
"750",0.120625,0.1109375,0.1040625
"751",0.0993749999999998,0.109375,0.0978124999999997
"752",0.0984374999999998,0.0871874999999998,0.0804687499999997
"753",0.208125,0.1184375,0.10703125
"754",0.0687499999999997,0.0887499999999997,0.10265625
"755",0.0728124999999997,0.0857812499999998,0.11984375
"756",0.12296875,0.0917187499999997,0.0887499999999997
"757",0.0984374999999998,0.0949999999999998,0.10375
"758",0.1403125,0.105,0.0899999999999997
"759",0.1090625,0.1046875,0.115625
"760",0.0390624999999997,0.0356249999999997,0.0931249999999997
"761",0.13015625,0.1228125,0.0940624999999997
"762",0.1725,0.104375,0.1084375
"763",0.0649999999999997,0.1375,0.0621874999999997
"764",0.0385937499999997,0.0890624999999997,0.1171875
"765",0.12375,0.0959374999999998,0.0843749999999997
"766",0.0631249999999997,0.0934374999999998,0.0820312499999998
"767",0.0274999999999997,0.0959374999999998,0.0823437499999997
"768",0.165625,0.1071875,0.110625
"769",0.0260937499999997,0.0982812499999998,0.1065625
"770",0.0528124999999997,0.0846874999999997,0.114375
"771",0.0896874999999998,0.10875,0.0864062499999997
"772",0.0917187499999997,0.0768749999999997,0.135
"773",0.1465625,0.0839062499999997,0.1128125
"774",0.1209375,0.128125,0.10625
"775",0.0384374999999997,0.0799999999999997,0.0795312499999997
"776",0.1065625,0.1184375,0.0860937499999997
"777",0.0737499999999997,0.100625,0.100625
"778",0.1640625,0.0715624999999997,0.0837499999999997
"779",0.1475,0.0812499999999997,0.1128125
"780",0.0935937499999998,0.0774999999999997,0.1225
"781",0.0774999999999997,0.136875,0.1071875
"782",0.0642187499999997,0.1384375,0.11
"783",0.1140625,0.0865624999999997,0.0946874999999998
"784",0.0456249999999997,0.12375,0.1321875
"785",0.14875,0.1190625,0.1209375
"786",0.0921874999999998,0.0787499999999997,0.113125
"787",0.10625,0.119375,0.0810937499999997
"788",0.14296875,0.11125,0.0846874999999997
"789",0.1190625,0.10625,0.0845312499999998
"790",0.12359375,0.1134375,0.12171875
"791",0.0906249999999997,0.104375,0.0943749999999998
"792",0.1321875,0.0507812499999997,0.0996874999999998
"793",0.111875,0.0504687499999997,0.0895312499999998
"794",0.0989062499999998,0.1228125,0.0973437499999998
"795",0.1075,0.0792187499999997,0.1196875
"796",0.0334374999999997,0.0789062499999997,0.0973437499999998
"797",0.0649999999999997,0.0906249999999997,0.0964062499999997
"798",0.0181249999999997,0.0949999999999998,0.106875
"799",0.0871874999999998,0.0943749999999998,0.0857812499999998
"800",0.10859375,0.0899999999999997,0.0848437499999997
"801",1.22070312466693e-06,0.1121875,0.0968749999999998
"802",0.12625,0.1134375,0.0796874999999997
"803",0.109375,0.101875,0.11375
"804",0.130625,0.0690624999999997,0.0924999999999997
"805",0.0949999999999998,0.115,0.0656249999999997
"806",0.1275,0.0903124999999997,0.11375
"807",0.155625,0.1040625,0.0749999999999997
"808",0.0807812499999997,0.0865624999999997,0.1003125
"809",0.1028125,0.12625,0.0774999999999997
"810",0.1271875,0.1375,0.101875
"811",0.0762499999999997,0.10875,0.101875
"812",0.00624999999999967,0.0806249999999997,0.100625
"813",0.0984374999999998,0.1021875,0.1084375
"814",0.0571874999999997,0.0943749999999998,0.10453125
"815",0.0237499999999997,0.0951562499999997,0.11453125
"816",0.176875,0.13,0.0974999999999998
"817",0.15,0.0951562499999997,0.1140625
"818",0.16,0.0812499999999997,0.10125
"819",0.0631249999999997,0.0893749999999997,0.1165625
"820",0.16,0.1025,0.0831249999999997
"821",0.114375,0.0917187499999997,0.1134375
"822",0.0628124999999997,0.0782812499999997,0.0849999999999997
"823",0.0610937499999997,0.0843749999999997,0.0867187499999997
"824",0.0662499999999997,0.1190625,0.1240625
"825",0.115625,0.119375,0.0870312499999998
"826",0.0147656249999997,0.0824999999999997,0.0831249999999997
"827",0.0628124999999997,0.105625,0.1071875
"828",0.1375,0.10875,0.0984374999999998
"829",0.0490624999999997,0.0878124999999997,0.0718749999999997
"830",0.0743749999999997,0.13390625,0.10921875
"831",0.10703125,0.0956249999999998,0.10671875
"832",0.0743749999999997,0.0721874999999997,0.1128125
"833",0.0376562499999997,0.1325,0.0899999999999997
"834",1.9531249999667e-05,0.0809374999999997,0.1075
"835",0.0799999999999997,0.0853124999999997,0.0974999999999998
"836",0.1190625,0.1271875,0.0892187499999997
"837",0.0689062499999997,0.0878124999999997,0.11375
"838",0.1325,0.0917187499999997,0.1009375
"839",0.0928124999999997,0.1009375,0.0993749999999998
"840",0.0737499999999997,0.0624999999999997,0.0906249999999997
"841",0.0973437499999998,0.0799999999999997,0.12765625
"842",0.0418749999999997,0.0970312499999998,0.0999999999999998
"843",0.1428125,0.0712499999999997,0.100625
"844",0.0471874999999997,0.0981249999999998,0.0928124999999997
"845",0.1159375,0.0856249999999997,0.109375
"846",0.121875,0.0981249999999998,0.0737499999999997
"847",0.15765625,0.0771874999999997,0.0581249999999997
"848",0.0749999999999997,0.1275,0.11078125
"849",0.12109375,0.108125,0.0862499999999997
"850",0.0840624999999997,0.0849999999999997,0.0973437499999998
"851",0.1190625,0.1190625,0.113125
"852",0.10625,0.126875,0.0756249999999997
"853",0.0674999999999997,0.12875,0.0931249999999997
"854",0.0234374999999997,0.0962499999999998,0.0874999999999997
"855",0.126875,0.0968749999999998,0.0774999999999997
"856",0.0262499999999997,0.0842187499999997,0.0899999999999997
"857",0.121875,0.0990624999999997,0.0703124999999997
"858",0.0459374999999997,0.0895312499999998,0.0815624999999997
"859",0.0306249999999997,0.114375,0.0912499999999997
"860",0.18,0.1003125,0.12984375
"861",0.0726562499999997,0.10265625,0.0662499999999997
"862",0.0524999999999997,0.1059375,0.10828125
"863",0.0312499999999997,0.12625,0.0940624999999997
"864",0.14625,0.0768749999999997,0.0949999999999998
"865",0.14875,0.1025,0.0837499999999997
"866",0.135625,0.0812499999999997,0.0974999999999998
"867",0.1025,0.0774999999999997,0.101875
"868",0.0974999999999998,0.125,0.1028125
"869",0.11625,0.0974999999999998,0.11
"870",0.0540624999999997,0.0990624999999997,0.0809374999999997
"871",0.0789062499999997,0.105,0.0706249999999997
"872",0.10375,0.0734374999999997,0.0993749999999998
"873",0.143125,0.1025,0.0874999999999997
"874",0.0559374999999997,0.0870312499999998,0.1034375
"875",0.0415624999999997,0.13625,0.0859374999999998
"876",0.14828125,0.1253125,0.118125
"877",0.1240625,0.0937499999999998,0.0906249999999997
"878",0.103125,0.0956249999999998,0.0968749999999998
"879",0.0981249999999998,0.1175,0.11375
"880",0.1190625,0.0960937499999998,0.1134375
"881",0.0665624999999997,0.0774999999999997,0.0896874999999998
"882",0.115,0.0856249999999997,0.1046875
"883",0.1246875,0.10375,0.105625
"884",0.0960937499999998,0.0884374999999998,0.0909374999999998
"885",0.1140625,0.135,0.10578125
"886",0.0821874999999997,0.0990624999999997,0.0968749999999998
"887",1.22070312466693e-06,0.0484374999999997,0.1040625
"888",0.1953125,0.1078125,0.10828125
"889",0.0768749999999997,0.0803124999999997,0.11515625
"890",9.15527343416934e-07,0.1209375,0.0987499999999998
"891",0.1225,0.0968749999999998,0.10953125
"892",0.10578125,0.11890625,0.0865624999999997
"893",0.0903124999999997,0.12671875,0.0956249999999998
"894",0.1125,0.10765625,0.0882812499999998
"895",0.0837499999999997,0.0989062499999998,0.0924999999999997
"896",0.0945312499999998,0.113125,0.11171875
"897",0.1840625,0.0799999999999997,0.10140625
"898",0.0717187499999997,0.0774999999999997,0.10796875
"899",0.0296874999999997,0.0862499999999997,0.1034375
"900",0.0790624999999997,0.0574999999999997,0.0721874999999997
"901",0.1128125,0.1271875,0.0831249999999997
"902",0.0496874999999997,0.1321875,0.1034375
"903",0.0824999999999997,0.11375,0.125
"904",0.1790625,0.0820312499999998,0.0818749999999997
"905",0.0385937499999997,0.1053125,0.0928124999999997
"906",0.131875,0.0895312499999998,0.1075
"907",0.190625,0.1265625,0.0928124999999997
"908",0.169375,0.13734375,0.0685937499999997
"909",0.1378125,0.0974999999999998,0.0914062499999997
"910",0.1496875,0.1021875,0.0956249999999998
"911",0.0443749999999997,0.1125,0.0946874999999998
"912",0.1165625,0.11125,0.0899999999999997
"913",0.1715625,0.0970312499999998,0.0881249999999997
"914",0.18375,0.1115625,0.1253125
"915",0.0664062499999997,0.0889062499999997,0.109375
"916",0.0312499999999997,0.10453125,0.1171875
"917",0.0240624999999997,0.1278125,0.0878124999999997
"918",0.12890625,0.0631249999999997,0.0831249999999997
"919",0.0706249999999997,0.1115625,0.1165625
"920",0.1525,0.0767187499999997,0.0968749999999998
"921",0.1334375,0.1396875,0.12
"922",0.0649999999999997,0.0924999999999997,0.124375
"923",0.113125,0.0714062499999997,0.0832812499999998
"924",0.0346874999999997,0.1159375,0.1178125
"925",0.0712499999999997,0.1053125,0.1140625
"926",0.0710937499999997,0.13875,0.0929687499999997
"927",0.0896874999999998,0.0685937499999997,0.1046875
"928",0.106875,0.0993749999999998,0.12
"929",0.11125,0.12359375,0.1175
"930",0.0717187499999997,0.1040625,0.0690624999999997
"931",0.1396875,0.0840624999999997,0.105
"932",0.10765625,0.1171875,0.0912499999999997
"933",0.136875,0.10375,0.0928124999999997
"934",0.0335937499999997,0.0993749999999998,0.0898437499999998
"935",0.1625,0.0781249999999997,0.0895312499999998
"936",0.22375,0.10515625,0.1053125
"937",0.1203125,0.0837499999999997,0.103125
"938",0.0120312499999997,0.1075,0.0803124999999997
"939",0.1240625,0.0662499999999997,0.1075
"940",0.0318749999999997,0.0918749999999997,0.0893749999999997
"941",0.0649999999999997,0.1203125,0.106875
"942",0.0293749999999997,0.0901562499999997,0.0848437499999997
"943",0.103125,0.0534374999999997,0.0884374999999998
"944",0.0834374999999997,0.10375,0.1175
"945",0.225,0.1065625,0.0889062499999997
"946",0.1128125,0.0768749999999997,0.0974999999999998
"947",0.115,0.10875,0.11375
"948",0.155625,0.0760937499999997,0.0678124999999997
"949",0.10015625,0.1053125,0.0989062499999998
"950",0.0574999999999997,0.0806249999999997,0.0878124999999997
"951",0.0587499999999997,0.0671874999999997,0.0799999999999997
"952",0.0609374999999997,0.104375,0.1025
"953",0.124375,0.125625,0.0928124999999997
"954",0.1440625,0.0584374999999997,0.0940624999999997
"955",0.1265625,0.0953124999999997,0.0974999999999998
"956",0.10625,0.0837499999999997,0.0806249999999997
"957",0.0999999999999998,0.1184375,0.0895312499999998
"958",0.0149999999999997,0.135,0.0874999999999997
"959",0.0760937499999997,0.0912499999999997,0.0862499999999997
"960",0.10125,0.0932812499999998,0.0699999999999997
"961",0.1475,0.0829687499999997,0.0973437499999998
"962",0.0471874999999997,0.1021875,0.1075
"963",0.0581249999999997,0.10125,0.12421875
"964",0.16,0.0849999999999997,0.0924999999999997
"965",0.0912499999999997,0.10421875,0.1075
"966",0.168125,0.0834374999999997,0.1084375
"967",0.0832812499999998,0.0974999999999998,0.1046875
"968",0.0396874999999997,0.1125,0.0898437499999998
"969",0.15,0.0871874999999998,0.0815624999999997
"970",0.0707812499999997,0.115,0.0803124999999997
"971",0.141875,0.0753124999999997,0.0993749999999998
"972",0.0974999999999998,0.11171875,0.12359375
"973",0.10109375,0.101875,0.1090625
"974",0.1784375,0.1140625,0.0815624999999997
"975",0.0962499999999998,0.0768749999999997,0.10421875
"976",0.0918749999999997,0.0823437499999997,0.0893749999999997
"977",0.1178125,0.0849999999999997,0.104375
"978",0.0442187499999997,0.0843749999999997,0.11125
"979",0.1240625,0.11375,0.1196875
"980",0.0776562499999997,0.0799999999999997,0.0895312499999998
"981",0.1853125,0.0974999999999998,0.0839062499999997
"982",0.0831249999999997,0.0968749999999998,0.111875
"983",0.194375,0.1234375,0.10140625
"984",0.0871874999999998,0.10625,0.1028125
"985",0.14671875,0.11296875,0.108125
"986",0.0865624999999997,0.0920312499999998,0.0999999999999998
"987",0.0703124999999997,0.0749999999999997,0.0837499999999997
"988",0.174375,0.0906249999999997,0.12625
"989",0.0234374999999997,0.1140625,0.115625
"990",0.1028125,0.115,0.11328125
"991",0.0649999999999997,0.0993749999999998,0.12875
"992",0.1478125,0.119375,0.1009375
"993",0.120625,0.0803124999999997,0.11125
"994",0.13515625,0.1125,0.12125
"995",0.0815624999999997,0.0899999999999997,0.0762499999999997
"996",0.0718749999999997,0.125,0.0904687499999997
"997",0.0865624999999997,0.1109375,0.1225
"998",0.0857812499999998,0.1203125,0.11828125
"999",0.134375,0.12390625,0.1009375
"1000",0.128125,0.0831249999999997,0.11
"1001",0.0435937499999997,0.0881249999999997,0.0873437499999997
"1002",0.0690624999999997,0.0931249999999997,0.0878124999999997
"1003",0.0168749999999997,0.0826562499999997,0.1065625
"1004",0.173125,0.10125,0.0996874999999998
"1005",0.0439062499999997,0.0871874999999998,0.0996874999999998
"1006",0.0446874999999997,0.0571874999999997,0.1121875
"1007",0.13421875,0.0815624999999997,0.0846874999999997
"1008",0.0674999999999997,0.0868749999999997,0.0845312499999998
"1009",0.0949999999999998,0.0924999999999997,0.106875
"1010",0.0693749999999997,0.0921874999999998,0.0918749999999997
"1011",0.0981249999999998,0.0989062499999998,0.0896874999999998
"1012",0.0574999999999997,0.0979687499999997,0.10875
"1013",0.10609375,0.0768749999999997,0.1015625
"1014",0.101875,0.0999999999999998,0.0906249999999997
"1015",0.0499999999999997,0.0449999999999997,0.0996874999999998
"1016",0.1675,0.0974999999999998,0.0826562499999997
"1017",0.0887499999999997,0.1053125,0.0931249999999997
"1018",0.14296875,0.0781249999999997,0.0774999999999997
"1019",0.11640625,0.1384375,0.1134375
"1020",0.0593749999999997,0.109375,0.0862499999999997
"1021",0.129375,0.0856249999999997,0.0774999999999997
"1022",0.0656249999999997,0.0771874999999997,0.0876562499999997
"1023",0.13,0.0853124999999997,0.106875
"1024",0.1134375,0.0745312499999997,0.11046875
"1025",0.1084375,0.0999999999999998,0.10734375
"1026",0.1253125,0.0762499999999997,0.0946874999999998
"1027",0.0834374999999997,0.0754687499999997,0.1009375
"1028",0.0884374999999998,0.121875,0.0956249999999998
"1029",0.0968749999999998,0.103125,0.103125
"1030",0.0793749999999997,0.0821874999999997,0.0831249999999997
"1031",0.113125,0.11265625,0.0965624999999997
"1032",0.0459374999999997,0.0531249999999997,0.0999999999999998
"1033",0.1559375,0.1209375,0.0909374999999998
"1034",0.1328125,0.11765625,0.1009375
"1035",0.15921875,0.101875,0.0799999999999997
"1036",0.0545312499999997,0.113125,0.105625
"1037",0.0974999999999998,0.0764062499999997,0.1075
"1038",9.76562499966694e-06,0.0865624999999997,0.13265625
"1039",0.0474999999999997,0.1275,0.0954687499999997
"1040",0.13625,0.0796874999999997,0.116875
"1041",0.10328125,0.0981249999999998,0.0896874999999998
"1042",0.0612499999999997,0.1203125,0.0987499999999998
"1043",0.1140625,0.126875,0.0856249999999997
"1044",0.0312499999999997,0.10828125,0.0953124999999997
"1045",0.0923437499999998,0.0843749999999997,0.0974999999999998
"1046",0.1225,0.0807812499999997,0.1109375
"1047",0.0981249999999998,0.13578125,0.0843749999999997
"1048",0.143125,0.0959374999999998,0.1128125
"1049",0.1453125,0.0899999999999997,0.12375
"1050",0.0603124999999997,0.0743749999999997,0.0734374999999997
"1051",0.0918749999999997,0.0737499999999997,0.104375
"1052",0.0849999999999997,0.1259375,0.0881249999999997
"1053",0.1253125,0.0793749999999997,0.1071875
"1054",0.0806249999999997,0.14296875,0.1165625
"1055",0.1903125,0.0796874999999997,0.0962499999999998
"1056",0.1090625,0.1075,0.1034375
"1057",0.0581249999999997,0.125625,0.1290625
"1058",0.0985937499999998,0.0815624999999997,0.10171875
"1059",0.1446875,0.1071875,0.0824999999999997
"1060",2.44140624966694e-06,0.1165625,0.0907812499999998
"1061",0.111875,0.0756249999999997,0.10578125
"1062",0.11515625,0.0759374999999997,0.1234375
"1063",0.1275,0.1328125,0.0949999999999998
"1064",0.0537499999999997,0.1159375,0.0981249999999998
"1065",0.195625,0.0490624999999997,0.0859374999999998
"1066",0.0503124999999997,0.0831249999999997,0.106875
"1067",0.0717187499999997,0.0843749999999997,0.0732812499999997
"1068",0.0918749999999997,0.10734375,0.0717187499999997
"1069",0.0912499999999997,0.1071875,0.1096875
"1070",0.0493749999999997,0.1009375,0.10625
"1071",0.0734374999999997,0.0990624999999997,0.11578125
"1072",0.0815624999999997,0.1065625,0.1015625
"1073",0.13859375,0.0698437499999997,0.0915624999999997
"1074",0.0610937499999997,0.0945312499999998,0.0906249999999997
"1075",0.0974999999999998,0.0715624999999997,0.1078125
"1076",0.0696874999999997,0.0831249999999997,0.0890624999999997
"1077",0.1746875,0.0734374999999997,0.1315625
"1078",0.0723437499999997,0.1203125,0.0824999999999997
"1079",0.0540624999999997,0.12609375,0.12375
"1080",0.11296875,0.133125,0.103125
"1081",0.0757812499999997,0.0670312499999997,0.1096875
"1082",0.0710937499999997,0.155,0.101875
"1083",0.0924999999999997,0.0953124999999997,0.0868749999999997
"1084",0.0743749999999997,0.0835937499999997,0.0899999999999997
"1085",0.0456249999999997,0.128125,0.1209375
"1086",0.0131249999999997,0.129375,0.0995312499999998
"1087",0.1653125,0.0984374999999998,0.125625
"1088",0.204375,0.164375,0.0799999999999997
"1089",0.1021875,0.0778124999999997,0.0937499999999998
"1090",0.0984374999999998,0.1271875,0.1046875
"1091",0.0342187499999997,0.105,0.11875
"1092",0.17984375,0.11125,0.100625
"1093",0.1315625,0.0784374999999997,0.0932812499999998
"1094",1.83105468716693e-06,0.0551562499999997,0.101875
"1095",0.1303125,0.0837499999999997,0.0856249999999997
"1096",0.0156249999999997,0.1075,0.108125
"1097",2.44140624966694e-06,0.1021875,0.1021875
"1098",0.1596875,0.12984375,0.0762499999999997
"1099",0.0998437499999998,0.0659374999999997,0.11078125
"1100",0.0512499999999997,0.0998437499999998,0.10828125
"1101",0.105,0.1271875,0.1059375
"1102",0.0724999999999997,0.11875,0.1003125
"1103",0.0870312499999998,0.0799999999999997,0.0931249999999997
"1104",0.15375,0.0987499999999998,0.10953125
"1105",0.1028125,0.106875,0.1046875
"1106",0.0953124999999997,0.0714062499999997,0.10734375
"1107",0.1234375,0.0784374999999997,0.11359375
"1108",0.0306249999999997,0.129375,0.0837499999999997
"1109",0.1315625,0.11875,0.115
"1110",0.119375,0.0790624999999997,0.0928124999999997
"1111",0.1840625,0.1415625,0.0818749999999997
"1112",0.13,0.0664062499999997,0.0923437499999998
"1113",0.2203125,0.0371874999999997,0.1053125
"1114",0.0229687499999997,0.0707812499999997,0.1121875
"1115",0.0821874999999997,0.0799999999999997,0.0907812499999998
"1116",0.14109375,0.0721874999999997,0.0818749999999997
"1117",0.134375,0.1021875,0.1021875
"1118",0.0695312499999997,0.0896874999999998,0.10046875
"1119",0.108125,0.11796875,0.1228125
"1120",0.1225,0.0906249999999997,0.0934374999999998
"1121",0.15703125,0.1215625,0.0899999999999997
"1122",0.12625,0.125625,0.100625
"1123",0.1121875,0.0824999999999997,0.0896874999999998
"1124",0.0793749999999997,0.1359375,0.10125
"1125",0.0998437499999998,0.100625,0.0949999999999998
"1126",0.000624999999999667,0.1209375,0.11
"1127",0.0774999999999997,0.0699999999999997,0.0784374999999997
"1128",0.0499999999999997,0.0693749999999997,0.12
"1129",0.16109375,0.1253125,0.109375
"1130",0.0574999999999997,0.0981249999999998,0.0824999999999997
"1131",0.154375,0.11609375,0.1053125
"1132",0.00906249999999967,0.12875,0.0918749999999997
"1133",0.12359375,0.10265625,0.1153125
"1134",0.0370312499999997,0.109375,0.119375
"1135",0.10203125,0.0946874999999998,0.1271875
"1136",0.0312499999999997,0.0937499999999998,0.0893749999999997
"1137",0.0623437499999997,0.0767187499999997,0.0785937499999997
"1138",0.1415625,0.0974999999999998,0.0846874999999997
"1139",0.0828124999999997,0.0962499999999998,0.1215625
"1140",0.0957812499999998,0.11875,0.0812499999999997
"1141",0.0918749999999997,0.121875,0.1159375
"1142",0.21671875,0.0898437499999998,0.1228125
"1143",0.100625,0.0906249999999997,0.1059375
"1144",0.12375,0.141875,0.1009375
"1145",0.0984374999999998,0.0987499999999998,0.0923437499999998
"1146",0.115,0.1040625,0.0915624999999997
"1147",0.0249999999999997,0.10875,0.0999999999999998
"1148",0.0768749999999997,0.13,0.0787499999999997
"1149",0.108125,0.1159375,0.0787499999999997
"1150",0.0349999999999997,0.10546875,0.104375
"1151",0.0159374999999997,0.0849999999999997,0.0924999999999997
"1152",0.0804687499999997,0.0909374999999998,0.0928124999999997
"1153",0.0115624999999997,0.1078125,0.0899999999999997
"1154",0.1153125,0.111875,0.0924999999999997
"1155",0.100625,0.11625,0.0712499999999997
"1156",9.76562499966694e-06,0.1071875,0.116875
"1157",0.0649999999999997,0.0779687499999997,0.0853124999999997
"1158",4.88281249966694e-06,0.140625,0.125625
"1159",0.0224999999999997,0.0885937499999997,0.0896874999999998
"1160",3.9062499999667e-05,0.0843749999999997,0.10765625
"1161",0.0859374999999998,0.0884374999999998,0.0840624999999997
"1162",0.0993749999999998,0.0862499999999997,0.1434375
"1163",0.0690624999999997,0.0606249999999997,0.10609375
"1164",0.1575,0.0906249999999997,0.0698437499999997
"1165",0.119375,0.0651562499999997,0.0931249999999997
"1166",0.1121875,0.13375,0.1075
"1167",0.1590625,0.0849999999999997,0.0968749999999998
"1168",0.14515625,0.1325,0.0981249999999998
"1169",0.0968749999999998,0.0940624999999997,0.0815624999999997
"1170",0.14375,0.115,0.0864062499999997
"1171",0.1075,0.0787499999999997,0.10515625
"1172",0.0756249999999997,0.0831249999999997,0.115
"1173",0.11234375,0.0959374999999998,0.0974999999999998
"1174",0.1675,0.0993749999999998,0.0989062499999998
"1175",0.1465625,0.0884374999999998,0.0984374999999998
"1176",0.1234375,0.0906249999999997,0.0946874999999998
"1177",0.0709374999999997,0.0737499999999997,0.0846874999999997
"1178",0.113125,0.11375,0.0949999999999998
"1179",0.185,0.1325,0.0906249999999997
"1180",0.10203125,0.0737499999999997,0.1440625
"1181",0.0649999999999997,0.1225,0.101875
"1182",0.10796875,0.10875,0.0956249999999998
"1183",0.0703124999999997,0.1084375,0.1121875
"1184",0.1865625,0.1515625,0.0787499999999997
"1185",0.19,0.10984375,0.109375
"1186",0.1328125,0.110625,0.0785937499999997
"1187",0.156875,0.0904687499999997,0.0942187499999997
"1188",0.0818749999999997,0.12265625,0.11875
"1189",0.10328125,0.0939062499999997,0.0859374999999998
"1190",1.22070312466693e-06,0.105,0.10015625
"1191",1.22070312466693e-06,0.0953124999999997,0.0849999999999997
"1192",0.0984374999999998,0.1034375,0.0984374999999998
"1193",0.1215625,0.0695312499999997,0.10234375
"1194",0.0456249999999997,0.0903124999999997,0.0768749999999997
"1195",0.0940624999999997,0.105,0.1121875
"1196",0.1846875,0.134375,0.0743749999999997
"1197",0.0718749999999997,0.11625,0.1159375
"1198",0.0304687499999997,0.14875,0.0962499999999998
"1199",0.1653125,0.0953124999999997,0.10765625
"1200",0.141875,0.109375,0.12046875
"1201",0.0524999999999997,0.0981249999999998,0.1159375
"1202",0.0562499999999997,0.1021875,0.0981249999999998
"1203",0.0573437499999997,0.1009375,0.0849999999999997
"1204",0.0865624999999997,0.0964062499999997,0.0956249999999998
"1205",0.13796875,0.1178125,0.1021875
"1206",0.138125,0.0728124999999997,0.1021875
"1207",0.0971874999999998,0.105,0.115
"1208",0.12625,0.103125,0.0914062499999997
"1209",0.1003125,0.1065625,0.0943749999999998
"1210",0.0867187499999997,0.0787499999999997,0.131875
"1211",0.0904687499999997,0.0724999999999997,0.0874999999999997
"1212",0.0746874999999997,0.0837499999999997,0.0915624999999997
"1213",0.0834374999999997,0.0768749999999997,0.0849999999999997
"1214",0.1040625,0.0984374999999998,0.1203125
"1215",0.0346874999999997,0.0909374999999998,0.0937499999999998
"1216",0.12125,0.110625,0.0809374999999997
"1217",2.44140624966694e-06,0.1046875,0.0987499999999998
"1218",0.0974999999999998,0.13046875,0.0979687499999997
"1219",0.1715625,0.0843749999999997,0.0856249999999997
"1220",0.0651562499999997,0.0717187499999997,0.0859374999999998
"1221",0.0609374999999997,0.1003125,0.130625
"1222",0.15140625,0.1084375,0.0809374999999997
"1223",0.1275,0.14078125,0.10125
"1224",0.0181249999999997,0.0903124999999997,0.0962499999999998
"1225",0.0906249999999997,0.1125,0.11234375
"1226",0.11671875,0.0743749999999997,0.0993749999999998
"1227",0.138125,0.0879687499999997,0.0837499999999997
"1228",0.1484375,0.1159375,0.0912499999999997
"1229",0.11375,0.0917187499999997,0.0895312499999998
"1230",0.10375,0.1009375,0.0757812499999997
"1231",0.1321875,0.139375,0.1028125
"1232",0.0884374999999998,0.1265625,0.0987499999999998
"1233",0.0996874999999998,0.116875,0.111875
"1234",0.10484375,0.0712499999999997,0.0951562499999997
"1235",0.1053125,0.0732812499999997,0.0999999999999998
"1236",0.0899999999999997,0.1003125,0.0817187499999997
"1237",0.00687499999999967,0.106875,0.12515625
"1238",0.0645312499999997,0.0928124999999997,0.10171875
"1239",0.0676562499999997,0.11375,0.0940624999999997
"1240",0.1003125,0.0934374999999998,0.0865624999999997
"1241",0.0662499999999997,0.0859374999999998,0.103125
"1242",0.0893749999999997,0.0981249999999998,0.10140625
"1243",0.13625,0.1171875,0.0942187499999997
"1244",0.0949999999999998,0.124375,0.0756249999999997
"1245",0.1421875,0.1059375,0.1175
"1246",0.0949999999999998,0.1075,0.0912499999999997
"1247",0.0549999999999997,0.0599999999999997,0.0865624999999997
"1248",0.0904687499999997,0.0895312499999998,0.0849999999999997
"1249",0.166875,0.1028125,0.104375
"1250",0.1075,0.0989062499999998,0.1015625
"1251",0.0665624999999997,0.12765625,0.1240625
"1252",0.0906249999999997,0.0956249999999998,0.11125
"1253",0.1065625,0.0662499999999997,0.106875
"1254",0.1053125,0.1009375,0.1115625
"1255",0.0806249999999997,0.0792187499999997,0.1146875
"1256",0.0634374999999997,0.0593749999999997,0.0887499999999997
"1257",0.183125,0.0784374999999997,0.11
"1258",0.10125,0.0920312499999998,0.0673437499999997
"1259",0.12015625,0.118125,0.10875
"1260",0.0999999999999998,0.0843749999999997,0.1125
"1261",0.0756249999999997,0.0959374999999998,0.11375
"1262",0.0899999999999997,0.0990624999999997,0.0912499999999997
"1263",0.23953125,0.0828124999999997,0.1103125
"1264",0.16265625,0.0849999999999997,0.12078125
"1265",0.1228125,0.0953124999999997,0.110625
"1266",0.0581249999999997,0.1328125,0.0931249999999997
"1267",0.139375,0.0795312499999997,0.10625
"1268",0.0935937499999998,0.0843749999999997,0.151875
"1269",0.0703124999999997,0.11375,0.0993749999999998
"1270",0.0593749999999997,0.0949999999999998,0.10796875
"1271",0.0349999999999997,0.0851562499999997,0.0962499999999998
"1272",0.1121875,0.10125,0.115625
"1273",0.0999999999999998,0.1140625,0.10375
"1274",0.0995312499999998,0.12,0.10375
"1275",0.12875,0.0670312499999997,0.0799999999999997
"1276",0.0806249999999997,0.101875,0.100625
"1277",0.1371875,0.0982812499999998,0.0881249999999997
"1278",0.0812499999999997,0.103125,0.10546875
"1279",0.0506249999999997,0.0915624999999997,0.10125
"1280",0.1421875,0.0753124999999997,0.0757812499999997
"1281",0.2140625,0.1334375,0.106875
"1282",0.000624999999999667,0.0856249999999997,0.0839062499999997
"1283",0.0557812499999997,0.0796874999999997,0.1328125
"1284",0.0943749999999998,0.0831249999999997,0.111875
"1285",0.0981249999999998,0.12625,0.105
"1286",0.1096875,0.11,0.0634374999999997
"1287",0.16265625,0.0793749999999997,0.1015625
"1288",0.0768749999999997,0.0921874999999998,0.0873437499999997
"1289",0.0962499999999998,0.1140625,0.0995312499999998
"1290",0.13,0.1025,0.1103125
"1291",0.2278125,0.125625,0.0935937499999998
"1292",0.115,0.1103125,0.1084375
"1293",0.1015625,0.0734374999999997,0.1053125
"1294",0.0812499999999997,0.11671875,0.0884374999999998
"1295",0.11125,0.0810937499999997,0.1075
"1296",0.0828124999999997,0.109375,0.1128125
"1297",0.171875,0.10484375,0.0674999999999997
"1298",0.1309375,0.160625,0.1053125
"1299",0.1046875,0.0887499999999997,0.0821874999999997
"1300",0.0629687499999997,0.1165625,0.0853124999999997
"1301",0.0328124999999997,0.0924999999999997,0.11375
"1302",0.106875,0.11015625,0.11375
"1303",0.10125,0.0837499999999997,0.1190625
"1304",0.0337499999999997,0.1525,0.0899999999999997
"1305",0.11734375,0.0949999999999998,0.1171875
"1306",0.11828125,0.1271875,0.0974999999999998
"1307",0.141875,0.0848437499999997,0.0924999999999997
"1308",0.1646875,0.0778124999999997,0.12
"1309",0.173125,0.0990624999999997,0.111875
"1310",0.0568749999999997,0.0753124999999997,0.12859375
"1311",0.0328124999999997,0.105625,0.0890624999999997
"1312",0.0959374999999998,0.10828125,0.123125
"1313",0.16,0.0971874999999998,0.0981249999999998
"1314",0.11734375,0.0949999999999998,0.0960937499999998
"1315",0.150625,0.0785937499999997,0.0862499999999997
"1316",0.156875,0.1334375,0.115625
"1317",0.0581249999999997,0.109375,0.0749999999999997
"1318",0.15171875,0.1046875,0.11
"1319",0.0917187499999997,0.0940624999999997,0.0690624999999997
"1320",0.0501562499999997,0.0765624999999997,0.0876562499999997
"1321",0.0889062499999997,0.0867187499999997,0.0906249999999997
"1322",0.0734374999999997,0.11875,0.0984374999999998
"1323",0.16671875,0.0799999999999997,0.0865624999999997
"1324",0.1390625,0.0949999999999998,0.0687499999999997
"1325",0.1075,0.0709374999999997,0.0945312499999998
"1326",0.15625,0.0937499999999998,0.0940624999999997
"1327",0.0699999999999997,0.0571874999999997,0.0970312499999998
"1328",0.1353125,0.1021875,0.0871874999999998
"1329",0.1015625,0.0878124999999997,0.0971874999999998
"1330",0.11453125,0.0915624999999997,0.0928124999999997
"1331",0.0412499999999997,0.0978124999999997,0.11375
"1332",0.1090625,0.1034375,0.0803124999999997
"1333",0.0684374999999997,0.0965624999999997,0.0843749999999997
"1334",0.0823437499999997,0.0629687499999997,0.0904687499999997
"1335",0.0723437499999997,0.0770312499999997,0.11890625
"1336",0.12,0.0806249999999997,0.121875
"1337",0.0562499999999997,0.1253125,0.1046875
"1338",0.0835937499999997,0.0889062499999997,0.0917187499999997
"1339",0.13625,0.0893749999999997,0.1071875
"1340",0.0706249999999997,0.1075,0.10921875
"1341",0.1459375,0.1128125,0.10515625
"1342",0.12125,0.10125,0.15015625
"1343",0.0931249999999997,0.110625,0.0939062499999997
"1344",0.108125,0.0968749999999998,0.106875
"1345",0.161875,0.0704687499999997,0.11078125
"1346",0.12,0.0862499999999997,0.0729687499999997
"1347",0.0453124999999997,0.0884374999999998,0.1009375
"1348",0.17484375,0.113125,0.0965624999999997
"1349",0.0535937499999997,0.0940624999999997,0.0787499999999997
"1350",0.0717187499999997,0.0959374999999998,0.0840624999999997
"1351",0.1228125,0.1128125,0.0970312499999998
"1352",2.44140624966694e-06,0.11375,0.0851562499999997
"1353",0.0843749999999997,0.0878124999999997,0.10453125
"1354",0.1096875,0.0943749999999998,0.0874999999999997
"1355",0.1071875,0.0912499999999997,0.0796874999999997
"1356",0.0606249999999997,0.0612499999999997,0.119375
"1357",0.0782812499999997,0.1021875,0.0937499999999998
"1358",0.0707812499999997,0.0953124999999997,0.0976562499999998
"1359",0.134375,0.0765624999999997,0.0957812499999998
"1360",0.1978125,0.10125,0.1053125
"1361",0.0734374999999997,0.0999999999999998,0.0918749999999997
"1362",0.16875,0.10640625,0.1053125
"1363",0.0690624999999997,0.1171875,0.0999999999999998
"1364",0.0212499999999997,0.10375,0.0842187499999997
"1365",0.1475,0.0856249999999997,0.11875
"1366",0.19,0.0974999999999998,0.0793749999999997
"1367",0.0674999999999997,0.1246875,0.10328125
"1368",0.12875,0.0959374999999998,0.0957812499999998
"1369",2.44140624966694e-06,0.10875,0.0906249999999997
"1370",0.0587499999999997,0.0718749999999997,0.120625
"1371",0.0985937499999998,0.105,0.1190625
"1372",0.11546875,0.1059375,0.0874999999999997
"1373",0.13703125,0.0756249999999997,0.0923437499999998
"1374",0.0999999999999998,0.0935937499999998,0.0974999999999998
"1375",0.11,0.12859375,0.110625
"1376",0.0720312499999997,0.0818749999999997,0.0951562499999997
"1377",0.10109375,0.0948437499999998,0.0918749999999997
"1378",0.0690624999999997,0.10921875,0.0799999999999997
"1379",0.0928124999999997,0.1003125,0.0835937499999997
"1380",0.13265625,0.0959374999999998,0.1190625
"1381",0.0849999999999997,0.0956249999999998,0.1090625
"1382",0.0612499999999997,0.11671875,0.0765624999999997
"1383",0.0342187499999997,0.1078125,0.10734375
"1384",0.10984375,0.115625,0.0703124999999997
"1385",0.0431249999999997,0.1146875,0.12046875
"1386",0.0924999999999997,0.0671874999999997,0.1040625
"1387",0.0953124999999997,0.105,0.124375
"1388",0.0431249999999997,0.105625,0.11125
"1389",0.11375,0.0874999999999997,0.0959374999999998
"1390",0.0215624999999997,0.0809374999999997,0.1009375
"1391",0.1515625,0.1228125,0.1075
"1392",0.1021875,0.0965624999999997,0.10734375
"1393",0.161875,0.0912499999999997,0.0743749999999997
"1394",0.0374999999999997,0.1146875,0.101875
"1395",0.0692187499999997,0.1065625,0.0990624999999997
"1396",0.23375,0.1415625,0.0971874999999998
"1397",0.13515625,0.0774999999999997,0.0799999999999997
"1398",0.1034375,0.10109375,0.1140625
"1399",0.13734375,0.115625,0.0974999999999998
"1400",0.13671875,0.1109375,0.114375
"1401",0.0262499999999997,0.0740624999999997,0.0809374999999997
"1402",1.9531249999667e-05,0.0837499999999997,0.11625
"1403",0.1003125,0.1025,0.11765625
"1404",0.0832812499999998,0.0843749999999997,0.12
"1405",0.0824999999999997,0.0971874999999998,0.10875
"1406",0.0971874999999998,0.0793749999999997,0.105
"1407",0.0692187499999997,0.1425,0.1003125
"1408",1.22070312466693e-06,0.0934374999999998,0.0921874999999998
"1409",0.0728124999999997,0.10796875,0.115
"1410",0.1253125,0.0762499999999997,0.0899999999999997
"1411",0.23125,0.0853124999999997,0.106875
"1412",0.1046875,0.0862499999999997,0.10015625
"1413",0.113125,0.118125,0.0723437499999997
"1414",0.0528124999999997,0.10234375,0.0906249999999997
"1415",0.1328125,0.0999999999999998,0.1065625
"1416",0.17,0.1309375,0.0965624999999997
"1417",0.0668749999999997,0.0960937499999998,0.1065625
"1418",0.0843749999999997,0.0942187499999997,0.10671875
"1419",0.0868749999999997,0.10953125,0.0964062499999997
"1420",9.76562499966694e-06,0.11125,0.0990624999999997
"1421",0.16375,0.1109375,0.100625
"1422",0.185,0.1065625,0.0943749999999998
"1423",0.0957812499999998,0.1065625,0.10734375
"1424",0.0693749999999997,0.0962499999999998,0.1078125
"1425",4.88281249966694e-06,0.0892187499999997,0.0770312499999997
"1426",0.124375,0.0893749999999997,0.105
"1427",0.0690624999999997,0.1109375,0.1390625
"1428",0.0828124999999997,0.1090625,0.0899999999999997
"1429",0.11,0.0906249999999997,0.0931249999999997
"1430",0.0921874999999998,0.10125,0.118125
"1431",0.15015625,0.11984375,0.0771874999999997
"1432",0.166875,0.1053125,0.0793749999999997
"1433",0.170625,0.0596874999999997,0.11890625
"1434",0.0928124999999997,0.10734375,0.11734375
"1435",0.1196875,0.1190625,0.10125
"1436",0.12875,0.1096875,0.0762499999999997
"1437",0.0412499999999997,0.11875,0.0868749999999997
"1438",0.12,0.1109375,0.1196875
"1439",0.1240625,0.12859375,0.1121875
"1440",0.0296874999999997,0.1325,0.0868749999999997
"1441",0.0521874999999997,0.0820312499999998,0.0899999999999997
"1442",0.0537499999999997,0.10875,0.0971874999999998
"1443",0.1803125,0.11390625,0.0993749999999998
"1444",0.0521874999999997,0.1109375,0.0965624999999997
"1445",0.0681249999999997,0.0937499999999998,0.11109375
"1446",0.0685937499999997,0.0940624999999997,0.0871874999999998
"1447",9.76562499966694e-06,0.115625,0.0974999999999998
"1448",0.10265625,0.13375,0.1271875
"1449",0.0499999999999997,0.121875,0.0699999999999997
"1450",0.1175,0.120625,0.11828125
"1451",0.11375,0.0799999999999997,0.1078125
"1452",0.0929687499999997,0.1046875,0.0873437499999997
"1453",0.141875,0.0849999999999997,0.101875
"1454",0.0884374999999998,0.0934374999999998,0.0915624999999997
"1455",0.0393749999999997,0.12203125,0.0989062499999998
"1456",0.0474999999999997,0.0959374999999998,0.11125
"1457",0.00953124999999968,0.1075,0.0892187499999997
"1458",0.105,0.0679687499999997,0.10359375
"1459",0.0715624999999997,0.12703125,0.0898437499999998
"1460",0.0881249999999997,0.0653124999999997,0.0909374999999998
"1461",0.0812499999999997,0.11140625,0.10546875
"1462",0.0574999999999997,0.0621874999999997,0.1084375
"1463",3.66210937466694e-06,0.0962499999999998,0.0987499999999998
"1464",0.0385937499999997,0.0712499999999997,0.0942187499999997
"1465",0.128125,0.0812499999999997,0.0851562499999997
"1466",0.125625,0.145,0.0962499999999998
"1467",0.11375,0.103125,0.0809374999999997
"1468",0.1228125,0.1065625,0.0981249999999998
"1469",0.1034375,0.104375,0.0962499999999998
"1470",0.0749999999999997,0.1065625,0.0881249999999997
"1471",0.0868749999999997,0.1134375,0.11
"1472",0.1646875,0.0596874999999997,0.1134375
"1473",0.114375,0.0879687499999997,0.0974999999999998
"1474",0.100625,0.0862499999999997,0.10125
"1475",0.0368749999999997,0.12125,0.1234375
"1476",0.1090625,0.0824999999999997,0.1125
"1477",0.2025,0.0837499999999997,0.10125
"1478",2.9296874999667e-05,0.0821874999999997,0.1115625
"1479",0.0949999999999998,0.0818749999999997,0.0815624999999997
"1480",0.11046875,0.0949999999999998,0.12609375
"1481",0.0399999999999997,0.0774999999999997,0.0812499999999997
"1482",0.13625,0.0953124999999997,0.10125
"1483",0.0909374999999998,0.0721874999999997,0.0796874999999997
"1484",0.10125,0.1128125,0.13125
"1485",0.0440624999999997,0.11125,0.0814062499999997
"1486",0.0481249999999997,0.10546875,0.0893749999999997
"1487",0.10171875,0.1065625,0.11609375
"1488",0.0660937499999997,0.0753124999999997,0.109375
"1489",0.0893749999999997,0.11125,0.0943749999999998
"1490",0.125,0.0993749999999998,0.0817187499999997
"1491",0.0582812499999997,0.0734374999999997,0.118125
"1492",0.1390625,0.0734374999999997,0.0974999999999998
"1493",0.16265625,0.0751562499999997,0.0957812499999998
"1494",0.1278125,0.0698437499999997,0.11375
"1495",0.12140625,0.105625,0.0887499999999997
"1496",0.0514062499999997,0.114375,0.0737499999999997
"1497",0.0587499999999997,0.128125,0.0934374999999998
"1498",0.0499999999999997,0.1103125,0.10125
"1499",0.0465624999999997,0.1115625,0.0817187499999997
"1500",0.1075,0.10625,0.1146875
"1501",0.0287499999999997,0.1046875,0.0793749999999997
"1502",0.0803124999999997,0.0937499999999998,0.0884374999999998
"1503",0.1415625,0.11,0.0987499999999998
"1504",0.0937499999999998,0.0884374999999998,0.11625
"1505",0.0698437499999997,0.104375,0.11453125
"1506",0.11546875,0.0993749999999998,0.0943749999999998
"1507",0.0784374999999997,0.0887499999999997,0.0921874999999998
"1508",0.0154687499999997,0.0862499999999997,0.0940624999999997
"1509",0.0968749999999998,0.0687499999999997,0.0873437499999997
"1510",0.1459375,0.1184375,0.0840624999999997
"1511",0.12875,0.1196875,0.124375
"1512",0.0678124999999997,0.118125,0.0828124999999997
"1513",0.1109375,0.0906249999999997,0.109375
"1514",0.0699999999999997,0.0781249999999997,0.0965624999999997
"1515",0.0503124999999997,0.114375,0.1025
"1516",0.0474999999999997,0.0999999999999998,0.12328125
"1517",0.0943749999999998,0.0715624999999997,0.0924999999999997
"1518",0.0740624999999997,0.148125,0.0871874999999998
"1519",0.19125,0.135,0.0868749999999997
"1520",0.0545312499999997,0.0687499999999997,0.105
"1521",0.1409375,0.0762499999999997,0.12609375
"1522",0.1521875,0.1053125,0.1015625
"1523",0.0935937499999998,0.1278125,0.0965624999999997
"1524",0.140625,0.12015625,0.1265625
"1525",0.0984374999999998,0.0767187499999997,0.13875
"1526",0.0781249999999997,0.114375,0.0917187499999997
"1527",0.0479687499999997,0.0990624999999997,0.0848437499999997
"1528",0.0729687499999997,0.0731249999999997,0.1021875
"1529",0.00578124999999967,0.0770312499999997,0.10625
"1530",0.1746875,0.0742187499999997,0.13125
"1531",0.0478124999999997,0.149375,0.0976562499999998
"1532",0.1421875,0.13,0.0921874999999998
"1533",0.11625,0.0937499999999998,0.0787499999999997
"1534",0.120625,0.125,0.12546875
"1535",0.0809374999999997,0.1159375,0.0568749999999997
"1536",0.0949999999999998,0.109375,0.0853124999999997
"1537",0.0239843749999997,0.13125,0.0918749999999997
"1538",0.0332812499999997,0.1046875,0.13875
"1539",0.0881249999999997,0.0715624999999997,0.1059375
"1540",0.0443749999999997,0.1075,0.10421875
"1541",0.129375,0.1121875,0.1090625
"1542",0.0684374999999997,0.119375,0.1134375
"1543",0.0984374999999998,0.11375,0.0971874999999998
"1544",0.0759374999999997,0.0592187499999997,0.106875
"1545",0.0893749999999997,0.0990624999999997,0.11078125
"1546",0.0539062499999997,0.0896874999999998,0.0901562499999997
"1547",0.0615624999999997,0.1278125,0.0906249999999997
"1548",0.0492187499999997,0.1175,0.0868749999999997
"1549",4.88281249966694e-06,0.123125,0.0924999999999997
"1550",0.10125,0.0778124999999997,0.0806249999999997
"1551",0.0328124999999997,0.0776562499999997,0.10015625
"1552",0.0664062499999997,0.146875,0.1046875
"1553",0.1884375,0.0862499999999997,0.1171875
"1554",0.179375,0.1015625,0.1003125
"1555",0.1559375,0.0926562499999997,0.0968749999999998
"1556",0.10328125,0.11265625,0.11125
"1557",4.88281249966694e-06,0.0981249999999998,0.0687499999999997
"1558",0.0893749999999997,0.0790624999999997,0.0989062499999998
"1559",0.0484374999999997,0.11546875,0.0956249999999998
"1560",0.11375,0.1084375,0.0882812499999998
"1561",0.1390625,0.0924999999999997,0.0674999999999997
"1562",0.0481249999999997,0.0779687499999997,0.10921875
"1563",0.0896874999999998,0.0849999999999997,0.12375
"1564",0.1484375,0.13765625,0.1121875
"1565",0.00781249999999967,0.138125,0.0787499999999997
"1566",0.0265624999999997,0.1115625,0.0774999999999997
"1567",0.1653125,0.0868749999999997,0.0831249999999997
"1568",0.108125,0.12203125,0.120625
"1569",0.0940624999999997,0.0954687499999997,0.1021875
"1570",0.1303125,0.10265625,0.0915624999999997
"1571",0.0487499999999997,0.1240625,0.1103125
"1572",0.12359375,0.129375,0.115
"1573",0.0831249999999997,0.0971874999999998,0.0882812499999998
"1574",0.0556249999999997,0.0809374999999997,0.0990624999999997
"1575",0.0862499999999997,0.1446875,0.0984374999999998
"1576",0.1303125,0.0907812499999998,0.0909374999999998
"1577",0.0606249999999997,0.0732812499999997,0.11625
"1578",0.0853124999999997,0.0907812499999998,0.130625
"1579",0.108125,0.1109375,0.0921874999999998
"1580",0.1203125,0.0906249999999997,0.13984375
"1581",0.1015625,0.110625,0.10921875
"1582",0.1171875,0.121875,0.0979687499999997
"1583",0.0571874999999997,0.0740624999999997,0.0909374999999998
"1584",0.0218749999999997,0.1225,0.0898437499999998
"1585",0.18125,0.0681249999999997,0.0906249999999997
"1586",0.15171875,0.0876562499999997,0.1075
"1587",0.105,0.0953124999999997,0.10078125
"1588",0.14375,0.11578125,0.1146875
"1589",0.0806249999999997,0.0984374999999998,0.1025
"1590",0.0442187499999997,0.133125,0.0949999999999998
"1591",0.195,0.1040625,0.10625
"1592",0.1515625,0.0770312499999997,0.0890624999999997
"1593",0.1509375,0.0865624999999997,0.1253125
"1594",0.101875,0.0906249999999997,0.1125
"1595",0.0673437499999997,0.0856249999999997,0.12296875
"1596",0.196875,0.1025,0.1015625
"1597",0.13625,0.0503124999999997,0.10921875
"1598",0.0915624999999997,0.0912499999999997,0.0987499999999998
"1599",0.0598437499999997,0.0824999999999997,0.1065625
"1600",0.151875,0.119375,0.1215625
"1601",0.0951562499999997,0.1025,0.0887499999999997
"1602",0.0759374999999997,0.0854687499999997,0.1190625
"1603",0.0951562499999997,0.0915624999999997,0.0849999999999997
"1604",0.14328125,0.13875,0.1071875
"1605",0.0268749999999997,0.12875,0.1128125
"1606",0.218125,0.0999999999999998,0.1075
"1607",0.0798437499999997,0.10796875,0.0974999999999998
"1608",0.0981249999999998,0.1234375,0.0798437499999997
"1609",0.1175,0.0617187499999997,0.10046875
"1610",0.0834374999999997,0.0917187499999997,0.0784374999999997
"1611",0.0631249999999997,0.0837499999999997,0.11125
"1612",0.0860937499999997,0.1146875,0.10578125
"1613",0.10125,0.10546875,0.0840624999999997
"1614",0.0862499999999997,0.10875,0.0996874999999998
"1615",0.16,0.10828125,0.0710937499999997
"1616",0.1409375,0.0824999999999997,0.110625
"1617",0.0437499999999997,0.0896874999999998,0.0946874999999998
"1618",0.0449999999999997,0.114375,0.11
"1619",0.0734374999999997,0.1059375,0.0839062499999997
"1620",0.0759374999999997,0.130625,0.0868749999999997
"1621",0.104375,0.1415625,0.1115625
"1622",0.0837499999999997,0.1253125,0.1071875
"1623",0.0351562499999997,0.0867187499999997,0.1075
"1624",0.225,0.1134375,0.10484375
"1625",0.0484374999999997,0.0868749999999997,0.1178125
"1626",0.0599999999999997,0.0859374999999998,0.104375
"1627",0.0931249999999997,0.114375,0.0959374999999998
"1628",0.0543749999999997,0.0990624999999997,0.101875
"1629",0.15,0.0917187499999997,0.0924999999999997
"1630",0.11359375,0.11125,0.1040625
"1631",0.0646874999999997,0.0637499999999997,0.0943749999999998
"1632",0.0424999999999997,0.11625,0.1153125
"1633",0.00999999999999968,0.101875,0.0996874999999998
"1634",0.17,0.0917187499999997,0.10796875
"1635",0.15375,0.100625,0.0837499999999997
"1636",0.0973437499999998,0.1071875,0.0784374999999997
"1637",0.1834375,0.0949999999999998,0.103125
"1638",0.10609375,0.1365625,0.0781249999999997
"1639",0.0504687499999997,0.0839062499999997,0.1240625
"1640",0.125,0.1109375,0.121875
"1641",0.0967187499999997,0.12875,0.0845312499999998
"1642",2.9296874999667e-05,0.10125,0.10875
"1643",0.0717187499999997,0.0987499999999998,0.119375
"1644",0.0662499999999997,0.0621874999999997,0.1140625
"1645",0.10421875,0.0814062499999997,0.0881249999999997
"1646",4.88281249966694e-06,0.0943749999999998,0.0993749999999998
"1647",0.109375,0.1015625,0.1121875
"1648",0.0559374999999997,0.1075,0.124375
"1649",0.0307812499999997,0.13125,0.0823437499999997
"1650",0.125625,0.1446875,0.10125
"1651",0.0468749999999997,0.12375,0.0799999999999997
"1652",1.22070312466693e-06,0.105,0.115
"1653",0.11375,0.0607812499999997,0.1371875
"1654",0.115625,0.0837499999999997,0.10828125
"1655",0.11,0.143125,0.0823437499999997
"1656",0.0821874999999997,0.115625,0.0868749999999997
"1657",0.0481249999999997,0.1375,0.121875
"1658",0.0368749999999997,0.0753124999999997,0.1040625
"1659",0.0842187499999997,0.11359375,0.0893749999999997
"1660",0.1128125,0.0924999999999997,0.0918749999999997
"1661",0.0748437499999997,0.0946874999999998,0.10375
"1662",0.0509374999999997,0.0690624999999997,0.10453125
"1663",1.22070312466693e-06,0.0692187499999997,0.0934374999999998
"1664",0.12515625,0.1046875,0.0862499999999997
"1665",0.0749999999999997,0.1009375,0.0949999999999998
"1666",0.0374999999999997,0.0893749999999997,0.0867187499999997
"1667",0.0478124999999997,0.1078125,0.0965624999999997
"1668",0.1671875,0.1078125,0.116875
"1669",0.0657812499999997,0.1240625,0.0774999999999997
"1670",0.11875,0.1084375,0.10859375
"1671",0.0229687499999997,0.0867187499999997,0.105625
"1672",0.0273437499999997,0.0815624999999997,0.0881249999999997
"1673",0.1440625,0.0937499999999998,0.0928124999999997
"1674",0.0901562499999997,0.11125,0.0990624999999997
"1675",0.1340625,0.10375,0.105
"1676",0.1375,0.1075,0.0949999999999998
"1677",0.0651562499999997,0.0734374999999997,0.11265625
"1678",0.13390625,0.1203125,0.0928124999999997
"1679",0.1015625,0.0753124999999997,0.0779687499999997
"1680",0.0959374999999998,0.11125,0.0806249999999997
"1681",2.44140624966694e-06,0.0756249999999997,0.0962499999999998
"1682",0.1128125,0.0787499999999997,0.10125
"1683",0.13625,0.135,0.10375
"1684",0.1640625,0.0603124999999997,0.0912499999999997
"1685",0.10546875,0.1178125,0.0862499999999997
"1686",0.0393749999999997,0.0793749999999997,0.0723437499999997
"1687",0.1875,0.0967187499999997,0.1071875
"1688",0.0603124999999997,0.11046875,0.0909374999999998
"1689",0.159375,0.1128125,0.0984374999999998
"1690",0.14921875,0.1028125,0.0887499999999997
"1691",0.0849999999999997,0.0623437499999997,0.0632812499999997
"1692",0.103125,0.0812499999999997,0.0874999999999997
"1693",0.136875,0.0781249999999997,0.0899999999999997
"1694",0.1525,0.0774999999999997,0.0674999999999997
"1695",0.148125,0.0934374999999998,0.0917187499999997
"1696",0.0478124999999997,0.0996874999999998,0.0948437499999998
"1697",0.10625,0.1284375,0.106875
"1698",0.0901562499999997,0.1325,0.0943749999999998
"1699",0.1325,0.11421875,0.0868749999999997
"1700",0.11328125,0.0946874999999998,0.1146875
"1701",0.0851562499999997,0.13328125,0.120625
"1702",0.18328125,0.1090625,0.11046875
"1703",0.0474999999999997,0.115,0.0728124999999997
"1704",0.1596875,0.0989062499999998,0.114375
"1705",0.1175,0.0893749999999997,0.0943749999999998
"1706",0.1253125,0.10640625,0.1128125
"1707",0.1096875,0.128125,0.10625
"1708",0.0751562499999997,0.0809374999999997,0.12125
"1709",0.1296875,0.0837499999999997,0.1071875
"1710",0.158125,0.11125,0.1009375
"1711",0.0440624999999997,0.1096875,0.0999999999999998
"1712",0.125625,0.106875,0.0918749999999997
"1713",0.1996875,0.11671875,0.0953124999999997
"1714",0.13375,0.1046875,0.10703125
"1715",0.0574999999999997,0.13015625,0.0754687499999997
"1716",0.100625,0.0834374999999997,0.0987499999999998
"1717",0.10375,0.0981249999999998,0.10875
"1718",0.0735937499999997,0.0724999999999997,0.0907812499999998
"1719",0.0404687499999997,0.1165625,0.0704687499999997
"1720",0.11375,0.1053125,0.10125
"1721",0.1165625,0.10625,0.10125
"1722",0.103125,0.11125,0.1065625
"1723",0.130625,0.0918749999999997,0.0681249999999997
"1724",0.0846874999999997,0.113125,0.0862499999999997
"1725",0.13453125,0.0782812499999997,0.0909374999999998
"1726",0.0942187499999997,0.105,0.0899999999999997
"1727",0.14875,0.0707812499999997,0.114375
"1728",0.0699999999999997,0.0934374999999998,0.1146875
"1729",0.149375,0.0746874999999997,0.0868749999999997
"1730",0.0818749999999997,0.0910937499999998,0.11203125
"1731",0.106875,0.0810937499999997,0.10109375
"1732",0.1053125,0.0823437499999997,0.0906249999999997
"1733",0.1296875,0.1290625,0.0996874999999998
"1734",0.0703124999999997,0.0643749999999997,0.0867187499999997
"1735",0.1171875,0.0918749999999997,0.0865624999999997
"1736",0.0648437499999997,0.105,0.0968749999999998
"1737",0.13,0.0999999999999998,0.0785937499999997
"1738",0.1171875,0.0928124999999997,0.11078125
"1739",0.10875,0.0684374999999997,0.10625
"1740",0.1109375,0.13515625,0.0937499999999998
"1741",0.0873437499999997,0.0973437499999998,0.126875
"1742",0.1228125,0.0993749999999998,0.11359375
"1743",0.1134375,0.0946874999999998,0.13359375
"1744",0.12734375,0.10671875,0.0907812499999998
"1745",0.0299999999999997,0.0824999999999997,0.114375
"1746",0.12203125,0.0840624999999997,0.100625
"1747",0.00140624999999967,0.0912499999999997,0.0862499999999997
"1748",0.0606249999999997,0.1103125,0.0818749999999997
"1749",0.14625,0.0909374999999998,0.10453125
"1750",0.1034375,0.10171875,0.115
"1751",0.0799999999999997,0.1275,0.104375
"1752",0.1275,0.0959374999999998,0.0845312499999998
"1753",0.13875,0.0799999999999997,0.0853124999999997
"1754",0.1109375,0.11453125,0.0853124999999997
"1755",0.11,0.0985937499999998,0.1075
"1756",0.0707812499999997,0.12421875,0.1146875
"1757",0.1353125,0.11625,0.0949999999999998
"1758",0.135,0.1009375,0.0753124999999997
"1759",0.0660937499999997,0.1034375,0.0978124999999997
"1760",0.0637499999999997,0.11625,0.10875
"1761",0.1225,0.0867187499999997,0.0776562499999997
"1762",0.1759375,0.0731249999999997,0.11625
"1763",0.10265625,0.0996874999999998,0.0854687499999997
"1764",0.1184375,0.1115625,0.0765624999999997
"1765",0.1628125,0.10625,0.11328125
"1766",0.1184375,0.10625,0.123125
"1767",0.104375,0.0906249999999997,0.109375
"1768",0.1696875,0.1221875,0.100625
"1769",0.185625,0.111875,0.0890624999999997
"1770",0.0828124999999997,0.103125,0.0918749999999997
"1771",0.0401562499999997,0.1028125,0.0856249999999997
"1772",0.0624999999999997,0.0935937499999998,0.0724999999999997
"1773",0.0956249999999998,0.0981249999999998,0.1028125
"1774",0.0907812499999998,0.0768749999999997,0.11421875
"1775",0.0423437499999997,0.0699999999999997,0.0899999999999997
"1776",0.0628124999999997,0.1059375,0.0767187499999997
"1777",0.0990624999999997,0.0815624999999997,0.1375
"1778",0.0998437499999998,0.1009375,0.10171875
"1779",0.0931249999999997,0.0970312499999998,0.12578125
"1780",0.0859374999999998,0.0512499999999997,0.10125
"1781",0.0712499999999997,0.10625,0.0987499999999998
"1782",0.106875,0.10015625,0.1034375
"1783",0.0670312499999997,0.113125,0.0914062499999997
"1784",0.0507812499999997,0.1253125,0.0978124999999997
"1785",0.0581249999999997,0.1534375,0.11375
"1786",0.0693749999999997,0.140625,0.1040625
"1787",0.0749999999999997,0.1171875,0.0965624999999997
"1788",0.0695312499999997,0.1040625,0.1228125
"1789",0.0249999999999997,0.11015625,0.0887499999999997
"1790",0.15984375,0.10203125,0.101875
"1791",0.1859375,0.0918749999999997,0.1065625
"1792",0.0765624999999997,0.10109375,0.0962499999999998
"1793",0.115,0.0951562499999997,0.12796875
"1794",0.1390625,0.0957812499999998,0.0965624999999997
"1795",1.9531249999667e-05,0.1390625,0.0774999999999997
"1796",0.1275,0.0699999999999997,0.12234375
"1797",0.0957812499999998,0.0984374999999998,0.11609375
"1798",0.1421875,0.11125,0.11046875
"1799",0.1353125,0.10953125,0.1015625
"1800",0.17015625,0.1159375,0.1075
"1801",0.19625,0.110625,0.0824999999999997
"1802",0.135,0.118125,0.0731249999999997
"1803",0.0874999999999997,0.10640625,0.1125
"1804",0.0156249999999997,0.103125,0.0990624999999997
"1805",0.0157812499999997,0.1215625,0.11125
"1806",0.144375,0.10359375,0.0871874999999998
"1807",0.0812499999999997,0.11890625,0.0981249999999998
"1808",0.146875,0.1059375,0.0739062499999997
"1809",0.0348437499999997,0.1059375,0.0823437499999997
"1810",0.0157812499999997,0.0942187499999997,0.11
"1811",0.1259375,0.0870312499999998,0.0876562499999997
"1812",0.0774999999999997,0.0965624999999997,0.0903124999999997
"1813",0.0478124999999997,0.1140625,0.0924999999999997
"1814",0.0667187499999997,0.0640624999999997,0.0781249999999997
"1815",0.0571874999999997,0.15640625,0.116875
"1816",0.11921875,0.1046875,0.1125
"1817",0.1140625,0.0812499999999997,0.0940624999999997
"1818",0.11546875,0.100625,0.0912499999999997
"1819",0.0268749999999997,0.10484375,0.10765625
"1820",0.0839062499999997,0.0906249999999997,0.1171875
"1821",0.0549999999999997,0.0837499999999997,0.0887499999999997
"1822",0.0331249999999997,0.0996874999999998,0.1234375
"1823",0.1496875,0.0595312499999997,0.0759374999999997
"1824",0.11234375,0.119375,0.0993749999999998
"1825",0.2428125,0.10125,0.108125
"1826",0.1190625,0.0728124999999997,0.124375
"1827",0.0620312499999997,0.12078125,0.0890624999999997
"1828",0.0667187499999997,0.0729687499999997,0.0826562499999997
"1829",0.12109375,0.1053125,0.116875
"1830",0.1290625,0.0824999999999997,0.0881249999999997
"1831",0.0928124999999997,0.0940624999999997,0.124375
"1832",0.19,0.0993749999999998,0.11453125
"1833",0.0440624999999997,0.10359375,0.11359375
"1834",0.0539062499999997,0.1190625,0.1009375
"1835",0.0964062499999997,0.0849999999999997,0.10625
"1836",0.0481249999999997,0.1028125,0.0899999999999997
"1837",0.125625,0.0881249999999997,0.0843749999999997
"1838",0.105,0.0724999999999997,0.0934374999999998
"1839",0.0674999999999997,0.0976562499999998,0.0824999999999997
"1840",0.0173437499999997,0.1271875,0.0996874999999998
"1841",0.11375,0.124375,0.100625
"1842",0.0884374999999998,0.0837499999999997,0.1221875
"1843",0.0981249999999998,0.125,0.0778124999999997
"1844",0.0906249999999997,0.0871874999999998,0.0853124999999997
"1845",0.1321875,0.105,0.0921874999999998
"1846",0.0773437499999997,0.105,0.0937499999999998
"1847",0.0559374999999997,0.0990624999999997,0.0790624999999997
"1848",0.0762499999999997,0.1221875,0.12125
"1849",0.155625,0.0998437499999998,0.0796874999999997
"1850",0.15203125,0.0785937499999997,0.10140625
"1851",0.0649999999999997,0.109375,0.115625
"1852",0.1665625,0.0999999999999998,0.0899999999999997
"1853",0.0512499999999997,0.0860937499999997,0.0971874999999998
"1854",0.0456249999999997,0.1084375,0.108125
"1855",0.111875,0.123125,0.103125
"1856",0.0824999999999997,0.0985937499999998,0.0749999999999997
"1857",0.0568749999999997,0.0815624999999997,0.10375
"1858",0.10875,0.0637499999999997,0.11
"1859",0.0609374999999997,0.0806249999999997,0.0996874999999998
"1860",9.76562499966694e-06,0.10390625,0.1190625
"1861",0.0771874999999997,0.0965624999999997,0.1203125
"1862",0.1475,0.0821874999999997,0.1021875
"1863",0.129375,0.0868749999999997,0.11125
"1864",0.106875,0.0915624999999997,0.11
"1865",0.0812499999999997,0.0653124999999997,0.0803124999999997
"1866",0.0618749999999997,0.0965624999999997,0.0724999999999997
"1867",0.0756249999999997,0.0784374999999997,0.1053125
"1868",0.1228125,0.0743749999999997,0.1140625
"1869",0.1165625,0.1140625,0.1165625
"1870",0.1171875,0.10625,0.0957812499999998
"1871",0.1065625,0.0768749999999997,0.1225
"1872",0.0687499999999997,0.1015625,0.0968749999999998
"1873",0.0640624999999997,0.0915624999999997,0.0999999999999998
"1874",0.133125,0.0696874999999997,0.0921874999999998
"1875",0.1853125,0.0851562499999997,0.0753124999999997
"1876",0.00359374999999967,0.0903124999999997,0.1046875
"1877",0.0687499999999997,0.0937499999999998,0.0831249999999997
"1878",0.12921875,0.0871874999999998,0.0796874999999997
"1879",0.000117187499999667,0.13125,0.0948437499999998
"1880",0.10625,0.0671874999999997,0.126875
"1881",0.0789062499999997,0.1153125,0.0842187499999997
"1882",0.1975,0.0718749999999997,0.0968749999999998
"1883",0.12140625,0.1175,0.10125
"1884",0.100625,0.0690624999999997,0.0926562499999997
"1885",0.0298437499999997,0.0806249999999997,0.1025
"1886",0.0435937499999997,0.0959374999999998,0.0726562499999997
"1887",0.1396875,0.1109375,0.0890624999999997
"1888",0.0714062499999997,0.1109375,0.0890624999999997
"1889",0.12421875,0.0868749999999997,0.0968749999999998
"1890",0.153125,0.0626562499999997,0.118125
"1891",0.00531249999999967,0.10609375,0.0943749999999998
"1892",0.0851562499999997,0.0568749999999997,0.0831249999999997
"1893",0.0731249999999997,0.1028125,0.0953124999999997
"1894",0.155,0.0993749999999998,0.0996874999999998
"1895",0.0435937499999997,0.116875,0.0968749999999998
"1896",0.0524999999999997,0.140625,0.0815624999999997
"1897",0.0503124999999997,0.12359375,0.1225
"1898",0.0828124999999997,0.0768749999999997,0.1040625
"1899",0.1290625,0.0851562499999997,0.0782812499999997
"1900",0.11984375,0.0681249999999997,0.11234375
"1901",0.1375,0.0745312499999997,0.10296875
"1902",0.0718749999999997,0.11,0.1075
"1903",0.15734375,0.11,0.0912499999999997
"1904",0.0831249999999997,0.105625,0.0965624999999997
"1905",0.0974999999999998,0.0767187499999997,0.0815624999999997
"1906",0.1009375,0.0948437499999998,0.0839062499999997
"1907",0.0606249999999997,0.1046875,0.0981249999999998
"1908",0.0629687499999997,0.1053125,0.0812499999999997
"1909",0.0892187499999997,0.0924999999999997,0.13390625
"1910",2.44140624966694e-06,0.1215625,0.0724999999999997
"1911",0.1209375,0.0890624999999997,0.0874999999999997
"1912",0.0837499999999997,0.1053125,0.113125
"1913",0.136875,0.10109375,0.1225
"1914",0.10390625,0.0906249999999997,0.0946874999999998
"1915",0.146875,0.12375,0.0974999999999998
"1916",0.168125,0.0918749999999997,0.10875
"1917",0.0417187499999997,0.1240625,0.0984374999999998
"1918",0.13375,0.0801562499999997,0.0849999999999997
"1919",0.1215625,0.0765624999999997,0.14078125
"1920",0.1175,0.10890625,0.0834374999999997
"1921",0.0978124999999997,0.1259375,0.0514062499999997
"1922",0.12875,0.0945312499999998,0.100625
"1923",0.1015625,0.0996874999999998,0.0603124999999997
"1924",0.116875,0.1425,0.0842187499999997
"1925",0.1246875,0.125,0.0934374999999998
"1926",0.0768749999999997,0.1759375,0.1109375
"1927",0.0909374999999998,0.0662499999999997,0.1184375
"1928",0.12015625,0.0915624999999997,0.0959374999999998
"1929",0.20125,0.0478124999999997,0.0895312499999998
"1930",0.0474999999999997,0.0918749999999997,0.1171875
"1931",0.1125,0.12125,0.1134375
"1932",0.1096875,0.1203125,0.0903124999999997
"1933",0.13,0.0699999999999997,0.0887499999999997
"1934",0.1940625,0.0881249999999997,0.0793749999999997
"1935",0.218125,0.10875,0.1221875
"1936",0.0581249999999997,0.0876562499999997,0.0987499999999998
"1937",0.0573437499999997,0.0718749999999997,0.0701562499999997
"1938",0.0701562499999997,0.11,0.0849999999999997
"1939",0.141875,0.111875,0.0981249999999998
"1940",0.0940624999999997,0.12125,0.10875
"1941",0.0668749999999997,0.11125,0.1021875
"1942",0.0431249999999997,0.0679687499999997,0.106875
"1943",0.1009375,0.10421875,0.10765625
"1944",0.2403125,0.0946874999999998,0.103125
"1945",0.0899999999999997,0.12625,0.10125
"1946",0.0934374999999998,0.0924999999999997,0.0960937499999998
"1947",0.0593749999999997,0.0809374999999997,0.0962499999999998
"1948",0.0531249999999997,0.0928124999999997,0.0843749999999997
"1949",0.0759374999999997,0.103125,0.0809374999999997
"1950",0.103125,0.0968749999999998,0.0881249999999997
"1951",0.143125,0.0742187499999997,0.0996874999999998
"1952",0.0853124999999997,0.111875,0.1009375
"1953",0.1225,0.1009375,0.0835937499999997
"1954",0.1575,0.0899999999999997,0.1371875
"1955",0.11625,0.0903124999999997,0.1034375
"1956",0.11,0.1034375,0.13375
"1957",0.0676562499999997,0.0596874999999997,0.0932812499999998
"1958",0.00781249999999967,0.0906249999999997,0.116875
"1959",0.0531249999999997,0.1053125,0.134375
"1960",0.11125,0.1125,0.0867187499999997
"1961",0.138125,0.0690624999999997,0.0679687499999997
"1962",0.0948437499999998,0.0968749999999998,0.0801562499999997
"1963",0.14375,0.1021875,0.0853124999999997
"1964",0.1225,0.1021875,0.100625
"1965",0.0674999999999997,0.0839062499999997,0.0910937499999998
"1966",0.0581249999999997,0.105,0.101875
"1967",0.1378125,0.0746874999999997,0.0937499999999998
"1968",0.0246874999999997,0.1178125,0.0768749999999997
"1969",0.0642187499999997,0.1253125,0.11125
"1970",0.14875,0.1090625,0.0910937499999998
"1971",0.0809374999999997,0.0873437499999997,0.0774999999999997
"1972",0.0746874999999997,0.0809374999999997,0.123125
"1973",0.0942187499999997,0.0734374999999997,0.0726562499999997
"1974",0.0595312499999997,0.10484375,0.10375
"1975",0.1128125,0.1565625,0.0892187499999997
"1976",0.1128125,0.0904687499999997,0.0837499999999997
"1977",0.0934374999999998,0.0590624999999997,0.0924999999999997
"1978",0.0928124999999997,0.0873437499999997,0.0885937499999997
"1979",0.0634374999999997,0.0896874999999998,0.0773437499999997
"1980",0.0371874999999997,0.0999999999999998,0.1146875
"1981",2.44140624966694e-06,0.1159375,0.1184375
"1982",0.0768749999999997,0.1090625,0.11421875
"1983",0.0796874999999997,0.1015625,0.1084375
"1984",0.0707812499999997,0.11203125,0.0915624999999997
"1985",0.0492187499999997,0.0793749999999997,0.0909374999999998
"1986",0.0859374999999998,0.10234375,0.105625
"1987",0.0549999999999997,0.0689062499999997,0.0937499999999998
"1988",0.0557812499999997,0.10578125,0.111875
"1989",0.0992187499999997,0.114375,0.0831249999999997
"1990",0.0618749999999997,0.0929687499999997,0.0803124999999997
"1991",0.0812499999999997,0.1003125,0.0690624999999997
"1992",0.0746874999999997,0.11875,0.0949999999999998
"1993",0.0846874999999997,0.0718749999999997,0.0960937499999998
"1994",0.0790624999999997,0.1271875,0.0881249999999997
"1995",0.0403124999999997,0.1175,0.1021875
"1996",0.0993749999999998,0.119375,0.0856249999999997
"1997",0.18890625,0.0368749999999997,0.111875
"1998",0.108125,0.0918749999999997,0.0815624999999997
"1999",0.0898437499999998,0.1215625,0.0795312499999997
"2000",0.1015625,0.0899999999999997,0.0903124999999997
